Wellenlaenge,equ,flu,flu2,inc,led_kw,led_nw,led_ww,led,tag
380,1.3701832769143264e-5,5.648871134598748e-7,8.529911785446749e-7,8.193429554055264e-7,3.3943041274915056e-8,1.229101169762518e-7,1.0466600862418365e-8,-3.009543247907086e-8,1.194884951481037e-5
381,1.3701832769143264e-5,4.749050953866205e-7,6.804503075058071e-7,8.706165234372398e-7,5.1488995336645946e-8,1.1323422173522993e-7,2.96313808692876e-8,6.848960547562639e-9,1.0998940975976072e-5
382,1.3701832769143264e-5,3.024395607462162e-7,4.982142607019199e-7,9.160674023118044e-7,7.352433902700411e-8,9.63588448377674e-8,4.6708863144408666e-8,3.4144817912301326e-8,1.0099027623396212e-5
383,1.3701832769143264e-5,1.8546293725098545e-7,3.055812553925204e-7,9.520107345896436e-7,7.064523060878355e-8,7.623612183360428e-8,5.759275787640379e-8,3.304498483167083e-8,9.699066133360716e-6
384,1.3701832769143264e-5,1.254749252021492e-7,9.642167565553944e-8,9.77152379104505e-7,3.8463215779323374e-8,5.183287012360368e-8,6.142637433382601e-8,2.0946820944735373e-8,9.799056505869593e-6
385,1.3701832769143264e-5,5.998801204883629e-8,-1.052137231207093e-7,1.0021020228012888e-6,7.455937458672891e-9,2.8336727863240072e-8,6.51676192372446e-8,3.2145121402064064e-8,1.0149022809650646e-5
386,1.3701832769143264e-5,-1.6346733283307886e-8,-7.469994521544386e-8,1.0101696189148447e-6,-2.2268447686641162e-8,4.8554958051347316e-8,1.301047766809254e-8,7.19890743685416e-8,1.0598979485940576e-5
387,1.3701832769143264e-5,-1.3547292721028858e-8,-4.1137245444542864e-8,1.0184735151656636e-6,-5.03827629000744e-8,6.862846587871423e-8,-3.746453817174276e-8,9.748520487406677e-8,1.114892653473938e-5
388,1.3701832769143264e-5,1.3297342670825374e-7,4.8700764002836354e-8,1.046455102215739e-6,-5.049038539070543e-8,6.489871529796597e-8,-7.918927672539793e-8,6.998937785830436e-8,1.1598883211029313e-5
389,1.3701832769143264e-5,3.05938861449065e-7,1.849779717641395e-7,1.0910266729959202e-6,-2.6745579174377976e-8,4.0967703172434674e-8,-1.1277073176738442e-7,1.8347215481426923e-8,1.1998844701064804e-5
390,1.3701832769143264e-5,3.399320682767389e-7,3.086319647585892e-7,1.133523855807111e-6,-5.553166044054534e-9,2.122235424018292e-8,-1.3860404014995085e-7,-1.3098012142054097e-8,1.2148830259828116e-5
391,1.3701832769143264e-5,2.2595484538395e-7,3.649018489936117e-7,1.1698893672750766e-6,-8.005875529698524e-10,4.3785129450375474e-8,-7.204969957066606e-8,-1.4447807286464253e-8,1.1998844701064804e-5
392,1.3701832769143264e-5,1.2497502510174221e-07,4.208725157265445e-7,1.206164721837162e-6,3.923164175766455e-9,6.621638239691547e-8,-5.905883974327393e-9,-1.319799696756596e-8,1.1498892838520438e-5
393,1.3701832769143264e-5,1.6046793223063706e-7,4.417064626768469e-7,1.2648668849989056e-6,1.8562293465105644e-8,8.358942128805322e-8,2.7834136795344423e-9,-2.7545819428518348e-8,1.0998940975976072e-5
394,1.3701832769143264e-5,2.589482520108099e-7,4.396850766236045e-7,1.3380052835836262e-6,3.9571770286486367e-08,9.760689568394326e-8,-2.5867670555634907e-8,-3.1945151751040336e-8,1.084895541721276e-5
395,1.3701832769143264e-5,3.044391611478441e-7,4.185390723793682e-7,1.3988511776185118e-6,5.2497312135616795e-8,1.0092651639630323e-7,-4.7680323308800057e-8,7.698831564413478e-9,1.1198921720993816e-5
396,1.3701832769143264e-5,2.794441561274956e-7,2.925943094635767e-7,1.3941374184036846e-6,2.187865873826064e-8,4.616977384146877e-8,-3.3000911024013186e-8,7.848808802681273e-8,1.2098835073573676e-5
397,1.3701832769143264e-5,2.5044995030389144e-7,1.698607533119038e-7,1.3901415752912338e-6,-7.980575922816779e-9,-7.225815646425433e-9,-1.8695295702795728e-8,1.29480349037863e-7,1.3498700288697909e-5
398,1.3701832769143264e-5,2.584483519104029e-7,3.167844772976475e-7,1.4393472110336376e-6,5.679892299135121e-9,-7.336189236009385e-9,-1.4336477122250477e-8,1.284805007827444e-7,1.4998555876331005e-5
399,1.3701832769143264e-5,2.984403599429605e-7,5.675829984634282e-7,1.5091531432454672e-6,3.634658365642642e-8,1.3809613607798844e-8,-1.406629567301728e-8,9.798512900162608e-8,1.6498411463964107e-5
400,1.3701832769143264e-5,4.094181822333075e-7,1.4793416525174057e-6,1.5736865660356597e-6,5.838757805075605e-8,3.0536255152042224e-8,-1.6372601890987458e-8,6.299044007247389e-8,1.794827186534277e-5
401,1.3701832769143264e-5,1.0547892118587044e-6,4.3122365379841725e-6,1.630164858852368e-6,5.8789306229044534e-8,3.672607197491356e-8,-2.6041563635853732e-8,4.344340668490463e-8,1.904816596294038e-5
402,1.3701832769143264e-5,2.8944215813563497e-6,7.182792295253723e-6,1.6870527534143077e-6,5.9183490169402856e-8,4.299213565488264e-8,-3.5836550029212585e-8,5.69913505417621e-8,1.9498122639230303e-5
403,1.3701832769143264e-5,5.598881124558051e-6,9.86254874572163e-6,1.7247461314096138e-6,6.605316160975422e-8,4.1367372778701776e-8,-2.7924414879256088e-8,9.548550836382949e-8,1.9348137080467e-5
404,1.3701832769143264e-5,7.748451556308017e-6,1.2459488538795829e-5,1.7581364649835455e-6,7.423779272473403e-8,3.8064028111979335e-8,-1.6297214457245986e-8,1.1498254933864286e-7,1.9248146707958125e-5
405,1.3701832769143264e-5,7.798441566348714e-6,1.275230502701043e-5,1.788481498625537e-6,6.642045736789915e-8,4.4356654950285423e-8,-2.0012572364903853e-8,8.048778453704997e-8,1.8798190031668192e-5
406,1.3701832769143264e-5,6.298741265127808e-6,9.448742395439894e-6,1.8140637989309884e-6,3.3597590919072506e-8,6.564453096868233e-8,-4.768664873993813e-8,3.1945151751040336e-8,1.83982285416327e-5
407,1.3701832769143264e-5,4.229154849442957e-6,6.228554071046101e-6,1.839609368645156e-6,1.5837229017408652e-9,8.64358653720148e-8,-7.47030941257099e-8,1.979699545134894e-8,1.83982285416327e-5
408,1.3701832769143264e-5,2.2445514508272902e-6,4.210258379467992e-6,1.8658327847257523e-6,3.384254445154961e-8,9.234197177484101e-8,-4.601781542018372e-8,4.5693065258921556e-8,1.8648204472904884e-5
409,1.3701832769143264e-5,9.898021988057985e-7,2.27905424068577e-6,1.892070670433219e-6,6.901739932837022e-8,9.742558786892901e-8,-1.4826326613336797e-8,7.398877087877887e-8,1.8948175590431503e-5
410,1.3701832769143264e-5,8.048391616552199e-7,1.0755358636380753e-6,1.9650888598101e-6,1.335283273586121e-7,1.1553527569669443e-7,1.0395674996120175e-8,8.298740517484658e-8,1.914815633544925e-5
411,1.3701832769143264e-5,1.12477522591568e-6,5.242721147280418e-7,2.0843386200835712e-6,2.261278185404491e-7,1.4601965731905477e-7,3.051805549495483e-8,8.698679819532109e-8,1.9348137080467e-5
412,1.3701832769143264e-5,1.3247352660784677e-6,4.6679780766592856e-8,2.1908083606865245e-6,3.114215574112482e-7,1.7598917404343333e-7,4.782604458450188e-8,1.024844461496599e-7,1.9548117825484744e-5
413,1.3701832769143264e-5,1.3347332680866069e-6,3.229504726299416e-7,2.1676580707433864e-6,3.1901303403068413e-7,1.9855421038136773e-7,3.649322432515348e-8,1.3947883158904934e-7,1.9748098570502493e-5
414,1.3701832769143264e-5,1.3347332680866069e-6,5.944476194104141e-7,2.145567402706391e-6,3.265666399709464e-7,2.207810960840303e-7,2.5371180487375178e-8,2.00469575151286e-7,1.9848088943011363e-5
415,1.3701832769143264e-5,1.4047192821435826e-6,6.887031466536857e-7,2.159031947032664e-6,3.9068598517853115e-7,2.57038381277648e-7,2.973846299001264e-8,2.774578907954207e-7,1.994807931552024e-5
416,1.3701832769143264e-5,1.5046993022249764e-6,6.976016259228172e-7,2.1897142342855388e-6,4.793753287356722e-7,2.988262627047785e-7,4.121177084983297e-8,3.444477238883692e-7,1.999807450177468e-5
417,1.3701832769143264e-5,1.5646873142738129e-6,6.685493310301779e-7,2.2348338700096117e-6,5.84560143544104e-7,3.5187007877201897e-07,6.349213408510126e-8,3.7594294392460613e-7,1.9598113011739186e-5
418,1.3701832769143264e-5,1.624675326322649e-6,5.288025471639741e-7,2.32182192760498e-6,7.455239840898635e-7,4.4124013424374443e-7,1.1828263592562145e-7,4.039386950679279e-7,1.9198151521703687e-5
419,1.3701832769143264e-5,1.7296543474081124e-6,3.923703177982015e-7,2.4075489015662526e-6,9.030800614680724e-7,5.287263240076419e-7,1.718722062671547e-7,4.599301973545713e-7,1.914815633544925e-5
420,1.3701832769143264e-5,1.8896223795383424e-6,2.639567901996231e-7,2.451381853547151e-6,1.1265151750595816e-6,6.341822663108108e-7,1.890463145677566e-7,5.449172990396552e-7,1.9198151521703687e-5
421,1.3701832769143264e-5,2.104579422713339e-6,1.4071832811573228e-7,2.4897230256069275e-6,1.35820898684176e-6,7.412169239292553e-7,1.9920921144695318e-7,6.449021245515184e-7,1.9198151521703687e-5
422,1.3701832769143264e-5,2.364527474924963e-6,1.579398877469476e-7,2.5331998021571908e-6,1.6413311809419702e-6,8.796910350095008e-7,1.9767366238971985e-7,7.398877087877887e-7,1.914815633544925e-5
423,1.3701832769143264e-5,2.6494705321569358e-6,3.559289744599724e-7,2.583317024392379e-6,1.9907629410818774e-6,1.0586864904236222e-6,1.810840374325331e-7,8.498710168508384e-7,1.8998170776685934e-5
424,1.3701832769143264e-5,2.924415587380768e-6,5.413266311849732e-7,2.632608364847779e-6,2.329188285937692e-6,1.2323716567801626e-6,1.664534952936563e-7,9.748520487406675e-7,1.8798190031668192e-5
425,1.3701832769143264e-5,3.149370632563904e-6,4.25160376800875e-7,2.664759875752029e-6,2.774987968816276e-6,1.4798052359322765e-6,2.251895129445783e-7,1.1248292870084623e-6,1.859820928665045e-5
426,1.3701832769143264e-5,3.2843436596737856e-6,3.1458220123577934e-7,2.6971707268917102e-6,3.202204110785544e-6,1.7168854981942138e-6,2.8138579120706174e-7,1.3148004554810026e-6,1.824824298286939e-5
427,1.3701832769143264e-5,3.394321681763319e-6,3.064515918710432e-7,2.729923283835159e-6,3.753247407684961e-6,2.026812777733004e-6,3.423843322874717e-7,1.5447655541582882e-6,1.779828630657946e-5
428,1.3701832769143264e-5,3.619276726946455e-6,3.600202104866529e-7,2.763079877282735e-6,4.375401874104587e-6,2.3786462914212687e-6,4.058892973182978e-7,1.8047261004891328e-6,1.7198344071526215e-5
429,1.3701832769143264e-5,3.944211792210985e-6,5.047780378207531e-7,2.807460448988238e-6,5.023788762029817e-6,2.743556660550063e-6,4.64681703599116e-7,2.064686646819978e-6,1.644841627770967e-5
430,1.3701832769143264e-5,4.144171832373772e-6,9.90320556895468e-7,2.892923630521195e-6,5.818674385951642e-6,3.1849410180768027e-6,5.112069379018568e-7,2.329646434426416e-6,1.5948464415165304e-5
431,1.3701832769143264e-5,4.244151852455166e-6,1.463424087040228e-6,2.9794386426227496e-6,6.598200459678027e-6,3.617741238392485e-6,5.570364873315666e-7,2.644598634788785e-6,1.614844516018305e-5
432,1.3701832769143264e-5,5.998801204883626e-6,1.0233129055598402e-5,3.0208996888452558e-6,7.566389287676942e-6,4.190780267953087e-6,6.398612549550928e-7,2.9995447653559003e-6,1.6848377767745164e-5
433,1.3701832769143264e-5,1.204759241980795e-5,2.0652679300740277e-5,3.052367788141972e-6,8.557012506699055e-6,4.783360737538767e-6,7.292418479789464e-7,3.4044833086789462e-6,1.7648300747816155e-5
434,1.3701832769143264e-5,2.144571430745897e-5,2.962965753255717e-5,3.10046482785652e-6,9.691979819392138e-6,5.4381762019046204e-6,8.293266011977068e-7,3.839417299655553e-6,1.8298238169123827e-5
435,1.3701832769143264e-5,2.9094185843685587e-5,3.673215203546422e-5,3.170688153151127e-6,1.1023955388131472e-5,6.178686370635637e-6,9.44094008203332e-7,4.289349014458937e-6,1.869819965915932e-5
436,1.3701832769143264e-5,3.0843836195109977e-5,4.308184450734584e-5,3.2384293809134874e-6,1.2326208453300293e-5,6.904839396731738e-6,1.0570817405264846e-6,4.744279970537916e-6,1.874819484541376e-5
437,1.3701832769143264e-5,2.72945454822205e-5,3.059288109344934e-5,3.2508843905035496e-6,1.4003730051176936e-5,7.915990259749414e-6,1.2303548834729167e-6,5.299195752128757e-6,1.869819965915932e-5
438,1.3701832769143264e-5,1.984603398615667e-5,1.8614891042818622e-5,3.264453561362572e-6,1.5621575431450223e-5,8.890914189648568e-6,1.397357520733167e-6,5.9990895307118e-6,1.8798190031668192e-5
439,1.3701832769143264e-5,1.1347732279238191e-5,1.0650437396165433e-5,3.316524183225156e-6,1.756842732003007e-5,1.006103761081043e-5,1.5833780957051158e-6,6.848960547562638e-6,1.8998170776685934e-5
440,1.3701832769143264e-5,5.94881119484293e-6,4.920762107989331e-6,3.3890236921311724e-6,1.9671864501025408e-5,1.132384995444713e-5,1.7777095218378143e-6,7.79881638992534e-6,1.9398132266721436e-5
441,1.3701832769143264e-5,5.14897103419178e-6,7.496993330904173e-7,3.457931394428867e-6,2.187606758652769e-5,1.2648310621882326e-5,1.99749912001886e-6,8.848657057799905e-6,1.999807450177468e-5
442,1.3701832769143264e-5,6.148771235005718e-6,6.580039596365868e-7,3.511963207256392e-6,2.4469720777491568e-5,1.4211350821865964e-5,2.3001552426731147e-6,9.9484901384304e-6,2.0448031178064604e-5
443,1.3701832769143264e-5,6.498701305290596e-6,5.666629392615881e-7,3.5659438198657632e-6,2.7055082282910023e-5,1.5769379873881118e-5,2.601823157402243e-6,1.1148308044572762e-5,2.054802155057348e-5
444,1.3701832769143264e-5,6.298741265127808e-6,4.562845357519473e-7,3.61369247548722e-6,2.962449823920267e-5,1.7271603885816313e-5,2.9308288651762573e-6,1.2298133537959192e-5,2.034804080555573e-5
445,1.3701832769143264e-5,6.148771235005718e-6,3.4393358775019625e-7,3.660557370821411e-6,3.217850680865249e-5,1.875830556136132e-5,3.2619190388697888e-6,1.3597936269613414e-5,2.0298045619301296e-5
446,1.3701832769143264e-5,6.198761245046415e-6,2.762890326248357e-7,3.724828114231509e-6,3.4357376402981134e-5,1.998949980207409e-5,3.5904013791208144e-6,1.4847746588511705e-5,2.039803599181017e-5
447,1.3701832769143264e-5,6.348731275168505e-6,2.5316632983818654e-7,3.806187486974603e-6,3.615495801980696e-5,2.0962507884548708e-5,3.914283712777315e-6,1.5797602430874406e-5,2.054802155057348e-5
448,1.3701832769143264e-5,6.398721285209202e-6,2.3460792129145026e-7,3.880014862407961e-6,3.77460946052945e-5,2.1809402076483078e-5,4.223604048557626e-6,1.644750379670152e-5,2.0847992668100096e-5
449,1.3701832769143264e-5,6.398721285209202e-6,2.447078022601798e-7,3.9056984501015e-6,3.805867719800148e-5,2.186388303275022e-5,4.461317577499091e-6,1.6747458273237108e-5,2.114796378562672e-5
450,1.3701832769143264e-5,6.448711295249897e-6,2.54793836394568e-7,3.931449933736504e-6,3.837178798702324e-5,2.1918934363582883e-5,4.6986630608921305e-6,1.6747458273237108e-5,2.144793490315334e-5
451,1.3701832769143264e-5,6.448711295249897e-6,1.9969262497797257e-7,4.006835576678895e-6,3.75977212706788e-5,2.1349812585056183e-5,4.782278057199293e-6,1.6397511383945585e-5,2.164791564817109e-5
452,1.3701832769143264e-5,6.398721285209202e-6,1.225332302228443e-7,4.098046539223745e-6,3.6445755006020784e-5,2.0561901234352525e-5,4.815634013997772e-6,1.559763277985068e-5,2.149793008940777e-5
453,1.3701832769143264e-5,6.298741265127808e-6,1.084352898345216e-7,4.171912871344829e-6,3.49208821431192e-5,1.960876459433018e-5,4.814286764696659e-6,1.4547792111976114e-5,2.1197958971881156e-5
454,1.3701832769143264e-5,6.198761245046415e-6,1.9454349080759734e-7,4.217950771851012e-6,3.2828337765370426e-5,1.840812613391306e-5,4.758598209207551e-6,1.3347974205833752e-5,2.0997978226863407e-5
455,1.3701832769143264e-5,6.148771235005718e-6,2.794123749310416e-7,4.264914728476848e-6,3.070746014001873e-5,1.7192006078146145e-05,4.697770522299163e-6,1.2198148712447327e-5,2.1047973413117845e-5
456,1.3701832769143264e-5,6.098781224965021e-6,2.8957670661961545e-7,4.340603120535281e-6,2.8669738553358152e-5,1.6047019878907504e-5,4.513708354832591e-6,1.1048323219060898e-5,2.1097968599372283e-5
457,1.3701832769143264e-5,5.998801204883626e-6,2.997088129482673e-7,4.416117877071277e-6,2.66411557595403e-5,1.4907167050758534e-5,4.330529721786548e-6,1.0098467376698198e-5,2.114796378562672e-5
458,1.3701832769143264e-5,5.94881119484293e-6,2.415400242037688e-7,4.499942651623308e-6,2.498113440182924e-5,1.4029299482864478e-5,4.184350358811919e-6,9.248596359847356e-6,2.1097968599372283e-5
459,1.3701832769143264e-5,5.898821184802233e-6,1.502346279571215e-7,4.5877109560214135e-6,2.3503460364340052e-5,1.3280519901459449e-5,4.05645734453836e-6,8.548702581264314e-6,2.0997978226863407e-5
460,1.3701832769143264e-5,5.94881119484293e-6,1.1501679090131209e-7,4.6542456395124925e-6,2.214964337968564e-5,1.2591069460128472e-5,3.938124510351393e-6,7.998786040949066e-6,2.094798304060897e-5
461,1.3701832769143264e-5,5.79884116472084e-6,2.0018003354679526e-7,4.677202259065223e-6,2.106471818313346e-5,1.2031012563089484e-5,3.84133078215891e-6,7.598846738901614e-6,2.0997978226863407e-5
462,1.3701832769143264e-5,5.548891114517354e-6,2.850632680258298e-7,4.70018559177525e-6,1.998388899951298e-5,1.147309457067119e-5,3.74494674381238e-6,7.2488998496100915e-6,2.089798785435453e-5
463,1.3701832769143264e-5,5.348931074354567e-6,2.88477897374457e-7,4.762912537303185e-6,1.900667598730568e-5,1.0960847284534796e-5,3.714073687563821e-6,6.948945373074502e-6,2.0847992668100096e-5
464,1.3701832769143264e-5,5.248951054273173e-6,2.889440321705186e-7,4.827059732360781e-6,1.802910420024304e-5,1.0448049994353078e-5,3.6852929758856616e-6,6.698983309294844e-6,2.064801192308235e-5
465,1.3701832769143264e-5,5.248951054273173e-6,2.723560281505855e-7,4.903173308839535e-6,1.7007223718547046e-5,9.913732268109135e-6,3.628375350858698e-6,6.449021245515184e-6,2.049802636431904e-5
466,1.3701832769143264e-5,5.14897103419178e-6,2.452689766919494e-7,4.98675098668656e-6,1.596236171417348e-5,9.36848270220142e-6,3.5544308357505016e-6,6.199059181735527e-6,2.0298045619301296e-5
467,1.3701832769143264e-5,4.994002003065619e-6,2.430035087133589e-7,5.065522522316439e-6,1.4944477585727148e-5,8.824516479066118e-6,3.475761381155195e-6,5.849112292444005e-6,2.0098064874283547e-5
468,1.3701832769143264e-5,4.819036967923179e-6,3.0641080664989165e-7,5.131851291886683e-6,1.399610608550116e-5,8.282959069944126e-6,3.384492838275296e-6,5.549157815908416e-6,1.999807450177468e-5
469,1.3701832769143264e-5,4.679064939809229e-6,3.6949950151625653e-7,5.198037591284671e-6,1.305324576569178e-5,7.744558072926673e-6,3.2938354535996607e-6,5.249203339372825e-6,1.999807450177468e-5
470,1.3701832769143264e-5,4.564087916715626e-6,3.4191660750788054e-7,5.266773884156371e-6,1.220900866722556e-5,7.290094822907386e-6,3.186220961179192e-6,4.9442496215616425e-6,1.98980841292658e-5
471,1.3701832769143264e-5,4.459108895630162e-6,3.083531398670752e-7,5.337503646391414e-6,1.1387294656899552e-5,6.850305477112078e-6,3.08017432028458e-6,4.619298938648086e-6,1.9748098570502493e-5
472,1.3701832769143264e-5,4.354129874544698e-6,3.500941702290659e-7,5.417136681344143e-6,1.0702662539214528e-5,6.5130267001046425e-6,3.0153454042488254e-6,4.354339151041648e-6,1.964810819799362e-5
473,1.3701832769143264e-5,4.204159844422608e-6,4.419304037522435e-7,5.5026633066256816e-6,1.0112776881241444e-5,6.24583779046538e-6,2.9784316738155777e-6,4.194363430222667e-6,1.969810338424805e-5
474,1.3701832769143264e-5,4.0391928112883085e-6,5.034477346814663e-7,5.578782448345541e-6,9.599246485257327e-6,6.014742387037351e-6,2.9544164204005037e-6,4.114375569813177e-6,1.9748098570502493e-5
475,1.3701832769143264e-5,3.904219784178427e-6,4.824884109402167e-7,5.629348229013687e-6,9.286723688359576e-6,5.878636756340422e-6,2.965063854309047e-6,4.079380880884024e-6,1.9798093756756928e-5
476,1.3701832769143264e-5,3.814237766105173e-6,4.620869887426196e-7,5.680025314503907e-6,8.982968950287384e-6,5.746741712168234e-6,2.976115350455769e-6,4.059383915781651e-6,1.969810338424805e-5
477,1.3701832769143264e-5,3.779244759076685e-6,6.325047624359904e-7,5.757559140512323e-6,8.78965507865422e-6,5.671450232467729e-6,3.018024145549284e-6,4.079380880884024e-6,1.969810338424805e-5
478,1.3701832769143264e-5,3.799240763092964e-6,8.096012419732295e-7,5.836064657617445e-6,8.614857975943405e-6,5.6051523374342445e-6,3.061546938552402e-6,4.124374052364362e-6,1.969810338424805e-5
479,1.3701832769143264e-5,3.939212791206915e-6,1.2166627992471955e-6,5.907951990002056e-6,8.518964433291223e-6,5.58102141920876e-6,3.1233909714247883e-6,4.179365706395888e-6,1.9748098570502493e-5
480,1.3701832769143264e-5,4.299140863499932e-6,1.7548030220895528e-6,5.975589704279888e-6,8.474872000167886e-6,5.584217553827685e-6,3.195713609972496e-6,4.22935811915182e-6,1.9748098570502493e-5
481,1.3701832769143264e-5,5.098981024151083e-6,2.6442619788380177e-6,6.052367770546421e-6,8.444165855535671e-6,5.606091418415332e-6,3.276574455035027e-6,4.289349014458937e-6,1.9598113011739186e-5
482,1.3701832769143264e-5,6.548691315331293e-6,4.45140855234489e-6,6.148436075526575e-6,8.4294411375148e-6,5.6658401912054485e-6,3.380021141138018e-6,4.40433156379758e-6,1.9498122639230303e-5
483,1.3701832769143264e-5,8.748251757121957e-6,6.224995434620321e-6,6.243914464949736e-6,8.416699647166454e-6,5.7255930380996045e-6,3.4821791050607464e-6,4.554308802065374e-6,1.9248146707958125e-5
484,1.3701832769143264e-5,1.1497702309360284e-5,8.257699386732378e-6,6.331823013423655e-6,8.490665069980186e-6,5.841188610536082e-6,3.5770650742178198e-6,4.68928831650639e-6,1.874819484541376e-5
485,1.3701832769143264e-5,1.4447112901761402e-5,1.026627585940584e-5,6.419030341518509e-6,8.567923248688393e-6,5.957803727508424e-6,3.670671325367069e-6,4.819268589671812e-6,1.814825261036052e-5
486,1.3701832769143264e-5,1.7096583433918335e-5,1.131304114828997e-5,6.480268028527095e-6,8.683513530898238e-6,6.094697697336981e-6,3.7971833246928703e-6,4.959247345388421e-6,1.7748291120325024e-5
487,1.3701832769143264e-5,1.874625376526133e-5,1.1836733458300036e-5,6.528297172300178e-6,8.818143795361127e-6,6.239917098770092e-6,3.938135765566942e-6,5.09922610110503e-6,1.7648300747816155e-5
488,1.3701832769143264e-5,1.939612389579039e-5,1.1859493877548186e-5,6.58383048717748e-6,8.972304367712674e-6,6.39767557391053e-6,4.078600855607778e-6,5.299195752128757e-6,1.7748291120325024e-5
489,1.3701832769143264e-5,1.899620381546482e-5,1.0961214487324153e-5,6.652871755261663e-6,9.1644173401773e-6,6.58147979617498e-6,4.22139577526708e-6,5.499165403152484e-6,1.7998267051597205e-5
490,1.3701832769143264e-5,1.7946413604610184e-5,1.0108377889802853e-5,6.7216915267499176e-6,9.35419827608228e-6,6.760903338071043e-6,4.360175959540359e-6,5.749127466932142e-6,1.8198247796614958e-5
491,1.3701832769143264e-5,1.659668333351137e-5,9.154553811822355e-6,6.802572288758095e-6,9.65048551417949e-6,7.001420107090232e-6,4.538528356159358e-6,5.9990895307118e-6,1.8298238169123827e-5
492,1.3701832769143264e-5,1.5146973042331158e-5,8.235878034613212e-6,6.882727343326351e-6,9.939571343652752e-6,7.235844053518466e-6,4.712169319549903e-6,6.199059181735527e-6,1.824824298286939e-5
493,1.3701832769143264e-5,1.3747252761191643e-5,7.364360798762035e-6,6.97355986947615e-6,1.0242802868394256e-5,7.487682757663205e-6,4.8701587801992e-6,6.449021245515184e-6,1.8198247796614958e-5
494,1.3701832769143264e-5,1.2497502510174225e-5,6.522200110518076e-6,7.0680387415970885e-6,1.054864846659557e-5,7.743632232783716e-6,5.021047325359173e-6,6.698983309294844e-6,1.824824298286939e-5
495,1.3701832769143264e-5,1.1347732279238191e-5,5.735376407515454e-6,7.158416031024607e-6,1.0856268007137132e-5,8.006844816880504e-6,5.17314805723368e-6,6.948945373074502e-6,1.824824298286939e-5
496,1.3701832769143264e-5,1.0347932078424255e-5,5.014248380644774e-6,7.243519697982264e-6,1.1167834071087336e-5,8.281114519340279e-6,5.3276652838863744e-6,7.198907436854161e-6,1.824824298286939e-5
497,1.3701832769143264e-5,9.298141867569622e-6,4.320530791754763e-6,7.329963474997691e-6,1.1477456771237826e-5,8.551353914379057e-6,5.4864279778438285e-6,7.448869500633818e-6,1.809825742410608e-5
498,1.3701832769143264e-5,8.148371636633592e-6,3.710319684369299e-6,7.429221776178481e-6,1.180406148120731e-5,8.822369426237346e-6,5.689619509656026e-6,7.698831564413475e-6,1.7898276679088332e-5
499,1.3701832769143264e-5,6.848631375575473e-6,3.1146162829644188e-6,7.527824491957255e-6,1.212583269659803e-5,9.089163147784784e-6,5.8894491085839925e-6,7.948793628193136e-6,1.7648300747816155e-5
500,1.3701832769143264e-5,5.498901104476658e-6,2.6173475092874023e-6,7.610481678925731e-6,1.2443896571817e-5,9.34565447874254e-6,6.057782112322034e-6,8.148763279216862e-6,1.7348329630289532e-5
501,1.3701832769143264e-5,4.194161842414468e-6,2.14928548564609e-6,7.691385814946544e-6,1.276017653872752e-5,9.599016897798017e-6,6.219193158497966e-6,8.348732930240588e-6,1.7098353699017345e-5
502,1.3701832769143264e-5,3.159368634572043e-6,1.7359839154162586e-6,7.76052503127415e-6,1.306202578367918e-5,9.85117643763586e-6,6.379035227626487e-6,8.548702581264314e-6,1.6948368140254034e-5
503,1.3701832769143264e-5,2.4695064960104262e-6,1.3664320476901286e-6,7.819892797271895e-6,1.335247396100588e-5,1.0102803288370548e-5,6.53786995496345e-6,8.748672232288042e-6,1.6898372953999603e-5
504,1.3701832769143264e-5,2.014597404640085e-6,1.047892295319221e-6,7.886347341291082e-6,1.3651114164195968e-5,1.034997612486414e-5,6.697329346763333e-6,8.9986342960677e-6,1.6898372953999603e-5
505,1.3701832769143264e-5,1.6896623393755549e-6,8.655695169802306e-7,7.97348566039625e-6,1.3980310025898398e-5,1.0590093631687465e-5,6.862388208298419e-6,9.198603947091428e-6,1.6948368140254034e-5
506,1.3701832769143264e-5,1.4597082931883489e-6,6.826887112172756e-7,8.060802067216738e-6,1.4310343028929933e-5,1.08308324393768e-5,7.027873642502779e-6,9.398573598115154e-6,1.6998363326508472e-5
507,1.3701832769143264e-5,1.2997402610581188e-6,6.263722512667405e-7,8.159916785177052e-6,1.455386146198572e-5,1.1042665478906453e-5,7.178377259291005e-6,9.59854324913888e-6,1.6998363326508472e-5
508,1.3701832769143264e-5,1.1847632379645164e-6,5.733796609597395e-7,8.259441104882596e-6,1.4795386701400786e-5,1.125422351641344e-5,7.328901135467216e-6,9.748520487406674e-6,1.6948368140254034e-5
509,1.3701832769143264e-5,1.0697862148709132e-6,5.199764490743552e-7,8.359570922820224e-6,1.503905462397963e-5,1.1467176934553931e-5,7.480430102391879e-6,9.89849772567447e-6,1.6948368140254034e-5
510,1.3701832769143264e-5,9.798041967976589e-7,4.661855258274074e-7,8.460098098972656e-6,1.5284147680011593e-5,1.1681209990264867e-5,7.632743557840247e-6,1.0048474963942264e-5,1.6898372953999603e-5
511,1.3701832769143264e-5,9.84803197801729e-7,3.959490950739323e-7,8.555623236421086e-6,1.551880636733435e-5,1.188216517200927e-5,7.771577767148158e-6,1.019845220221006e-5,1.6848377767745164e-5
512,1.3701832769143264e-5,1.074785215874983e-6,3.0267455310360377e-7,8.642788268683554e-6,1.5736164133855605e-5,1.206259705465509e-5,7.889990513365516e-6,1.0348429440477854e-5,1.6698392208981853e-5
513,1.3701832769143264e-5,1.1147772239075405e-6,2.402069516976138e-7,8.729752952266287e-6,1.594604742422413e-5,1.2239627060427994e-5,8.008195038095233e-6,1.0448414265989718e-5,1.644841627770967e-5
514,1.3701832769143264e-5,1.0347932078424256e-6,3.635712940937006e-7,8.814763123173403e-6,1.6108662127402822e-5,1.239387263936044e-5,8.123526106295508e-6,1.0598391504257516e-5,1.614844516018305e-5
515,1.3701832769143264e-5,9.148171837447532e-7,4.874284579120344e-7,8.899851207455972e-6,1.627143628607277e-5,1.2548362664535251e-5,8.23907777672053e-6,1.0698376329769376e-5,1.5798478856401993e-5
516,1.3701832769143264e-5,8.698261747081258e-7,4.427560527199367e-7,8.999437857861879e-6,1.642879892400815e-5,1.2695193374115954e-5,8.348564011486654e-6,1.0848353568037172e-5,1.5398517366366498e-5
517,1.3701832769143264e-5,8.798241767162651e-7,3.735223845334146e-7,9.101484344835616e-6,1.6585892480802025e-5,1.284150463543163e-5,8.457651811622375e-6,1.0948338393549036e-5,1.5148541435094316e-5
518,1.3701832769143264e-5,9.098181827406834e-7,2.819755498479754e-7,9.194738863913742e-6,1.6713307384285486e-5,1.2958574015004367e-5,8.552780893435287e-6,1.1098315631816832e-5,1.5098546248839878e-5
519,1.3701832769143264e-5,9.098181827406834e-7,1.7562430928610745e-7,9.282449289804373e-6,1.6821627492690777e-5,1.305686177495538e-5,8.639048744047145e-6,1.1248292870084624e-5,1.524853180760319e-5
520,1.3701832769143264e-5,8.048391616552199e-7,1.236798236345123e-7,9.377072858194006e-6,1.6906607303563165e-5,1.3141684621056108e-5,8.729939111684629e-6,1.1348277695596489e-5,1.5448512552620936e-5
521,1.3701832769143264e-5,6.398721285209202e-7,1.7514231357070917e-7,9.485589494474896e-6,1.6949540694584415e-5,1.3202541550144946e-5,8.830302994248982e-6,1.1448262521108352e-5,1.5598498111384247e-5
522,1.3701832769143264e-5,5.29894106431387e-7,2.2645666755551386e-7,9.59129011875732e-6,1.6990779871011053e-5,1.326441700524364e-5,8.927239663678925e-6,1.1498254933864284e-5,1.5698488483893117e-5
523,1.3701832769143264e-5,5.348931074354566e-7,2.716971705965519e-7,9.665845427727038e-6,1.7023707429955862e-5,1.334084719702316e-5,8.987139920826148e-6,1.1598239759376149e-5,1.574848367014756e-5
524,1.3701832769143264e-5,5.748851154680142e-7,3.17378380610588e-7,9.740443032529148e-6,1.7055698187889524e-5,1.3417063498340614e-5,9.046982776374074e-6,1.174821699764394e-5,1.5698488483893117e-5
525,1.3701832769143264e-5,5.748851154680142e-7,3.291543579362066e-7,9.849933586003187e-6,1.70271058251133e-5,1.3456663789603778e-5,9.12938783700981e-6,1.1848201823155804e-5,1.554850292512981e-5
526,1.3701832769143264e-5,5.548891114517354e-7,3.342992121759672e-7,9.966513143595106e-6,1.6985418180117498e-5,1.348855383897234e-5,9.2163051135588e-6,1.1948186648667669e-5,1.5398517366366498e-5
527,1.3701832769143264e-5,5.498901104476657e-7,3.878638026215866e-7,1.0063641070481402e-5,1.6954264563512937e-5,1.3503353021895532e-5,9.291892890137024e-6,1.2098163886935462e-5,1.5348522180112063e-5
528,1.3701832769143264e-5,5.648871134598748e-7,4.761145872124872e-7,1.0146969425526984e-5,1.693035620579242e-5,1.350581785483938e-5,9.35944331729232e-6,1.2248141125203258e-5,1.5348522180112063e-5
529,1.3701832769143264e-5,6.198761245046415e-7,6.367688321313159e-7,1.0236500798306738e-5,1.689433919670449e-5,1.349951317883838e-5,9.420473598080574e-6,1.2298133537959192e-5,1.5398517366366498e-5
530,1.3701832769143264e-5,7.348531475982442e-7,9.380201824252324e-7,1.0337922865228645e-5,1.68359485889994e-5,1.3476912086679696e-5,9.46864366958352e-6,1.2398118363471052e-5,1.5498507738875375e-05
531,1.3701832769143264e-5,9.398121887651014e-7,1.2485835288138438e-6,1.0439157940049464e-5,1.6775036591338793e-5,1.3455319335270769e-5,9.51885993927312e-6,1.2448110776226984e-5,1.5448512552620936e-5
532,1.3701832769143264e-5,1.2297542470011435e-6,1.635090845191207e-6,1.0527313585228386e-5,1.66801705400084e-5,1.3434184920566277e-5,9.579661739185749e-6,1.2498103188982918e-5,1.5298526993857625e-5
533,1.3701832769143264e-5,1.554689312265673e-6,2.024092479954733e-6,1.0615541578541656e-5,1.6583859423288486e-5,1.34122560555741e-5,9.640401635412864e-6,1.259808801449478e-5,1.5198536621348754e-5
534,1.3701832769143264e-5,1.944611390583109e-6,3.0071862481270315e-6,1.072463143465623e-5,1.6504470520578337e-5,1.3393240174970104e-5,9.66995107831296e-6,1.2748065252762577e-5,1.5198536621348754e-5
535,1.3701832769143264e-5,2.6144775251284477e-6,4.09606101904695e-6,1.083748673290156e-5,1.6426945253922273e-5,1.337415299754542e-5,9.694059750017084e-6,1.2898042491030369e-5,1.524853180760319e-5
536,1.3701832769143264e-5,3.864227776145869e-6,6.934862208761952e-6,1.0950340918098666e-5,1.6304603028254466e-5,1.3343780551931543e-5,9.739916874724884e-6,1.2998027316542234e-5,1.524853180760319e-5
537,1.3701832769143264e-5,6.248751255087112e-6,1.0859208635139286e-5,1.1063183972813568e-5,1.6154007282729353e-5,1.3306095089566908e-5,9.799086668383034e-6,1.3148004554810027e-5,1.5198536621348754e-5
538,1.3701832769143264e-5,1.0547892118587044e-5,1.692980683163879e-5,1.117429178535234e-5,1.600065096401184e-5,1.325927344889387e-5,9.858374641804438e-6,1.319799696756596e-5,1.5048551062585445e-5
539,1.3701832769143264e-5,1.839632369497645e-5,2.6403861240255047e-5,1.1282736073498882e-5,1.584376669255024e-5,1.3198416519805034e-5,9.91801828003716e-6,1.3297981793077824e-5,1.4848570317567695e-5
540,1.3701832769143264e-5,3.149370632563904e-5,3.591393000619056e-5,1.139106905682335e-5,1.568519817246222e-5,1.3135624391297469e-5,9.974664654369416e-6,1.3397966618589688e-5,1.4648589572549948e-5
541,1.3701832769143264e-5,4.869026977963877e-5,4.533948273051772e-5,1.1497242726599586e-5,1.552472615244731e-5,1.3066344252107132e-5,1.001511027144167e-5,1.354794385685748e-5,1.4598594386295511e-5
542,1.3701832769143264e-5,6.698661345453383e-5,5.484474286852735e-5,1.160360561457335e-5,1.5361812470222513e-5,1.2995597435462598e-5,1.005525312321568e-5,1.3647928682369344e-5,1.4598594386295511e-5
543,1.3701832769143264e-5,8.248351656714987e-5,6.026713802061754e-5,1.1681274119416475e-5,1.5229633833937716e-5,1.2931878448286069e-5,1.0112318191566324e-5,1.3747913507881207e-5,1.4648589572549948e-5
544,1.3701832769143264e-5,8.948211797284743e-5,6.542165986835474e-5,1.1756905746015652e-5,1.509855145415532e-5,1.2867976126427764e-5,1.017054479816154e-5,1.384789833339307e-5,1.4648589572549948e-5
545,1.3701832769143264e-5,8.598281726999866e-5,6.542441664719183e-5,1.1866251603220993e-5,1.49437998998893e-5,1.2796282080594067e-5,1.0244132522936856e-5,1.3947883158904935e-5,1.4548599200041076e-5
546,1.3701832769143264e-5,7.448511496063836e-5,6.333718260263961e-5,1.1989310214505828e-5,1.4779391322433952e-5,1.2721400048349525e-5,1.0323979273078502e-5,1.3997875571660868e-5,1.4448608827532202e-5
547,1.3701832769143264e-5,5.94881119484293e-5,5.681223956011878e-5,1.210049260127539e-5,1.4617783182043827e-5,1.266178572099271e-5,1.0392390724223228e-5,1.4047867984416797e-5,1.4398613641277764e-5
548,1.3701832769143264e-5,4.414117886593535e-5,4.578410458122503e-5,1.2199297891830337e-5,1.4459972075539288e-5,1.2618233548811308e-5,1.0449028094383044e-5,1.409786039717273e-5,1.434861845502333e-5
549,1.3701832769143264e-5,3.314337665698204e-5,3.544539089616603e-5,1.2303501466255868e-5,1.43099842540746e-5,1.257635175928607e-5,1.0512666208613804e-5,1.4197845222684594e-5,1.4298623268768892e-5
550,1.3701832769143264e-5,2.6094785241243778e-5,2.6841584849854014e-5,1.2421885275013605e-5,1.4179858607239754e-5,1.2538849631603204e-5,1.0594435349571072e-5,1.4297830048196455e-5,1.4298623268768892e-5
551,1.3701832769143264e-5,2.1695664357662448e-5,1.861729535678156e-5,1.2539467689052413e-5,1.4047380991908852e-5,1.2503170665477985e-5,1.067747745540683e-5,1.439781487370832e-5,1.4248628082514456e-5
552,1.3701832769143264e-5,1.8546293725098543e-5,1.4502695944157517e-5,1.2647867455270124e-5,1.3857359876170167e-5,1.2476413987199094e-5,1.0776585255916013e-5,1.4547792111976114e-5,1.4248628082514456e-5
553,1.3701832769143264e-5,1.5196963052371857e-5,1.044343099916856e-5,1.2755966698468235e-5,1.3671066032539644e-5,1.2451113801114294e-5,1.0875346395786312e-5,1.4647776937487978e-5,1.419863289626002e-5
554,1.3701832769143264e-5,1.1497702309360284e-5,7.999632158699468e-6,1.2886683081511758e-5,1.35535573014506e-5,1.2443281336098507e-5,1.1016513811277351e-5,1.4747761762999842e-5,1.414863771000558e-5
555,1.3701832769143264e-5,8.098381626592897e-6,5.839884760306772e-6,1.302022660703595e-5,1.3449333205976998e-5,1.2439217417319183e-5,1.1163335847059782e-5,1.4847746588511705e-5,1.404864733749671e-5
556,1.3701832769143264e-5,5.4489110944359605e-6,4.432716584786913e-6,1.3108391156600636e-5,1.3329332982837044e-5,1.2426964549420631e-5,1.1286763917325391e-5,1.4947731414023568e-5,1.3948656964987835e-5
557,1.3701832769143264e-5,3.6292747289545938e-6,3.418394428765044e-6,1.317357126040708e-5,1.3203203689251855e-5,1.241137091620975e-5,1.1397897915647764e-5,1.504771623953543e-5,1.3798671406224524e-5
558,1.3701832769143264e-5,2.6794645381813534e-6,2.649251874413465e-6,1.3266143480925894e-5,1.3093667732725717e-5,1.2403772712176232e-5,1.1527985696953211e-5,1.5097708652291363e-5,1.359869066120678e-5
559,1.3701832769143264e-5,2.149570431749966e-6,2.158121024759124e-6,1.338989218210759e-5,1.3001901097506658e-5,1.2404628274024508e-5,1.167982980991322e-5,1.5147701065047296e-5,1.3448705102443467e-5
560,1.3701832769143264e-5,1.7246553464040423e-6,1.7743685990141686e-6,1.3507864163023654e-5,1.2901792946901158e-5,1.241327555984818e-5,1.1841781106435464e-5,1.524768589055916e-5,1.3398709916189032e-5
561,1.3701832769143264e-5,1.4047192821435826e-6,1.6750754675571276e-6,1.3609585639916935e-5,1.27732817869153e-5,1.2440460019051209e-5,1.2032433202605475e-5,1.5347670716071022e-5,1.3348714729934594e-5
562,1.3701832769143264e-5,1.2147572439889345e-6,1.572153206699477e-6,1.3711919293331626e-5,1.2651706940799172e-5,1.24693148609104e-5,1.222184722506519e-5,1.5347670716071022e-5,1.324872435742572e-5
563,1.3701832769143264e-5,1.0897822188871925e-6,1.4021405158507531e-6,1.3829935796176518e-5,1.2586469712938186e-5,1.2514669824129248e-5,1.2420074081299102e-5,1.539766312882695e-5,1.3148733984916848e-5
564,1.3701832769143264e-5,9.698061947895197e-7,1.2338128588610835e-6,1.3947551601661949e-5,1.2522498163039062e-5,1.2560238677810162e-5,1.2617074119038264e-5,1.5447655541582886e-5,1.3098738798662412e-5
565,1.3701832769143264e-5,8.548291716959169e-7,1.135674427507816e-6,1.4050708910759982e-5,1.248099987143913e-5,1.260964737454823e-5,1.2832757814587346e-5,1.5547640367094748e-5,1.2998748426153536e-5
566,1.3701832769143264e-5,7.798441566348713e-7,1.0480438552151048e-6,1.4151740297756408e-5,1.2443856707944189e-5,1.265988107735428e-5,1.3049195609578157e-5,1.559763277985068e-5,1.2898758053644664e-5
567,1.3701832769143264e-5,7.448511496063836e-7,9.771891003681233e-7,1.4272116462829267e-5,1.239336911302458e-5,1.274785116882546e-5,1.3271463606222904e-5,1.569761760536254e-5,1.2748772494881357e-5
568,1.3701832769143264e-5,7.498501506104533e-7,9.139843438539138e-7,1.4400751445700004e-5,1.233812775127184e-5,1.2852076935413926e-5,1.3495554947786448e-5,1.5747610018118474e-5,1.2598786936118047e-5
569,1.3701832769143264e-5,7.798441566348713e-7,7.958175995483977e-7,1.4498699689124984e-5,1.2301423090377857e-5,1.2953736016457557e-5,1.375047432473636e-5,1.584759484363034e-5,1.2498796563609173e-5
570,1.3701832769143264e-5,8.348331676796379e-7,6.270943007374964e-7,1.4568098245688023e-5,1.2281919690603343e-5,1.3052818226696256e-5,1.4033407933185604e-5,1.589758725638627e-5,1.2398806191100298e-5
571,1.3701832769143264e-5,9.29814186756962e-7,6.338730814295603e-7,1.4651409905010292e-5,1.2274225963150138e-5,1.3160262535475863e-5,1.4307663770447226e-5,1.5997572081898133e-5,1.234881100484586e-5
572,1.3701832769143264e-5,1.109778222903471e-6,9.79742582501018e-7,1.4761267764397174e-5,1.2287869373620912e-5,1.3284044001453548e-5,1.4567738036118188e-5,1.6047564494654065e-5,1.2298815818591423e-5
573,1.3701832769143264e-5,1.4547092921842797e-6,1.549706229428696e-6,1.4873407372636568e-5,1.2304831451503495e-5,1.341125790008444e-5,1.483617492694142e-5,1.6047564494654065e-5,1.2248820632336988e-5
574,1.3701832769143264e-5,2.1245754267296176e-6,3.283671024637332e-6,1.4997835033232916e-5,1.2335965136171649e-5,1.3557671014001102e-5,1.515459623001396e-5,1.614754932016593e-5,1.2248820632336988e-5
575,1.3701832769143264e-5,3.21435764561681e-6,5.014867711780778e-6,1.5122073475631738e-5,1.2367058956966988e-5,1.3703870237455694e-5,1.5472522303602383e-5,1.6197541732921862e-5,1.2148830259828116e-5
576,1.3701832769143264e-5,4.714057946837717e-6,7.388814308209219e-6,1.5224763304477064e-5,1.240277698700881e-5,1.3866651064350726e-5,1.5766114601175718e-5,1.624753414567779e-5,1.204883988731924e-5
577,1.3701832769143264e-5,6.548691315331293e-6,9.773478354418023e-6,1.532718600174941e-5,1.2438325595591172e-5,1.402963559644773e-5,1.6059875726982273e-5,1.624753414567779e-5,1.194884951481037e-5
578,1.3701832769143264e-5,8.49830170691847e-6,1.1066231396576742e-5,1.5457490556951256e-5,1.2464675615521578e-5,1.4190909004848176e-5,1.6395281150316964e-5,1.6297526558433723e-5,1.1898854328555931e-5
579,1.3701832769143264e-5,1.0497902108546346e-5,1.2137144305749422e-5,1.5594384357619872e-5,1.2488833122447185e-5,1.435277315833434e-5,1.6742099362217473e-5,1.6397511383945585e-5,1.1998844701064804e-5
580,1.3701832769143264e-5,1.2447512500133524e-5,1.263269355436184e-5,1.56942136525379e-5,1.2522557958848284e-5,1.453727914501958e-5,1.7069963791134908e-5,1.644750379670152e-5,1.2148830259828116e-5
581,1.3701832769143264e-5,1.4397122891720705e-5,1.2831219394726068e-5,1.5773974688036014e-5,1.2560368842212867e-5,1.4732999103073323e-5,1.7387833588645587e-5,1.649749620945745e-5,1.2298815818591423e-5
582,1.3701832769143264e-5,1.6246753263226486e-5,1.3198298973120672e-5,1.5875551468660602e-5,1.2613198439660331e-5,1.49207745582502e-5,1.7706986480728755e-5,1.6547488622213382e-5,1.2398806191100298e-5
583,1.3701832769143264e-5,1.7946413604610184e-5,1.3734977096136873e-5,1.599891060296504e-5,1.2680976989413243e-5,1.5100605510550204e-5,1.802761380604873e-5,1.6597481034969314e-5,1.2498796563609173e-5
584,1.3701832769143264e-5,1.939612389579039e-5,1.439637743247682e-5,1.611588084048244e-5,1.274599496597375e-5,1.5279692938863015e-5,1.8355376938026232e-5,1.6647473447725247e-5,1.2498796563609173e-5
585,1.3701832769143264e-5,2.054589412672642e-5,1.5290920695034878e-5,1.622045172082081e-5,1.280587050294118e-5,1.5456539609954145e-5,1.869469917637168e-5,1.6647473447725247e-5,1.2398806191100298e-5
586,1.3701832769143264e-5,2.1295744277336877e-5,1.5941419796338654e-5,1.6326747825901328e-5,1.2863274479794112e-5,1.5639589104445293e-5,1.902748213448365e-5,1.6647473447725247e-5,1.2248820632336988e-5
587,1.3701832769143264e-5,2.159568433758105e-5,1.554634443651167e-5,1.6438742737872027e-5,1.2910064700510173e-5,1.584450635236803e-5,1.9323899491159566e-5,1.6697465860481176e-5,1.1998844701064804e-5
588,1.3701832769143264e-5,2.114577424721478e-5,1.5123462115720607e-5,1.6550303561036638e-5,1.2958120599188092e-5,1.6049281006649385e-5,1.9624481277588306e-5,1.6697465860481176e-5,1.174886876979262e-5
589,1.3701832769143264e-5,1.9446113905831087e-5,1.416835783496508e-5,1.6652959998435342e-5,1.3037738719166923e-5,1.6240529635519863e-5,1.9995486947701766e-5,1.6747458273237108e-5,1.1548888024774874e-5
590,1.3701832769143264e-5,1.689662339375555e-5,1.3202465611454355e-5,1.675568321872729e-5,1.3117396703018567e-5,1.64328069756603e-5,2.0369160103900147e-5,1.679745068599304e-5,1.1448897652266e-5
591,1.3701832769143264e-5,1.4897022992127674e-5,1.3478621840349826e-5,1.6878697308083298e-5,1.316205420653905e-5,1.660178044069525e-5,2.065281404614447e-5,1.679745068599304e-5,1.1448897652266e-5
592,1.3701832769143264e-5,1.3697262751150948e-5,1.3895663314654998e-5,1.7004660975224266e-5,1.3202934608110355e-5,1.676913444937453e-5,2.0928139128883168e-5,1.6847443098748973e-5,1.1548888024774874e-5
593,1.3701832769143264e-5,1.2447512500133524e-5,1.337692313612672e-5,1.7141031643229135e-5,1.3249973978031508e-5,1.6947783911503106e-5,2.123618312322032e-5,1.6847443098748973e-5,1.1598883211029313e-5
594,1.3701832769143264e-5,1.059788212862774e-5,1.2551246474764818e-5,1.7280930674093744e-5,1.329860790286524e-5,1.713062970079228e-5,2.1556202666900696e-5,1.679745068599304e-5,1.1548888024774874e-5
595,1.3701832769143264e-5,8.598281726999864e-6,1.1566191491328508e-5,1.738161701614174e-5,1.3348228458551134e-5,1.7288053080875474e-5,2.1841938824021423e-5,1.6747458273237108e-5,1.1498892838520438e-5
596,1.3701832769143264e-5,6.89862138561617e-6,1.0480025664727049e-5,1.745779403636908e-5,1.3398227721028764e-5,1.742965875202562e-5,2.210653768634274e-5,1.679745068599304e-5,1.1498892838520438e-5
597,1.3701832769143264e-5,6.148771235005718e-6,9.956152087067416e-6,1.7564357273022575e-5,1.3450927760889575e-5,1.757728391189401e-5,2.2344529219108245e-5,1.679745068599304e-5,1.1448897652266e-5
598,1.3701832769143264e-5,6.398721285209202e-6,1.003198112833113e-5,1.7703566213990326e-5,1.3506468101688427e-5,1.773163134342744e-5,2.25546190725299e-5,1.6747458273237108e-5,1.1398902466011563e-5
599,1.3701832769143264e-5,6.848631375575473e-6,9.882318248752004e-6,1.783311389640207e-5,1.354417932537098e-5,1.7861361001302677e-5,2.2759261401626253e-5,1.6747458273237108e-5,1.1348907279757129e-5
600,1.3701832769143264e-5,6.848631375575473e-6,9.32120549833545e-6,1.7943884455329953e-5,1.3549341696900462e-5,1.7944778281509805e-5,2.295195069181048e-5,1.679745068599304e-5,1.1348907279757129e-5
601,1.3701832769143264e-5,6.198761245046415e-6,8.628583068161542e-6,1.8052462309262988e-5,1.3558869162503134e-5,1.80333493033268e-5,2.314979487071575e-5,1.679745068599304e-5,1.1298912093502689e-5
602,1.3701832769143264e-5,5.098981024151083e-6,7.512155614508176e-6,1.816088433644512e-5,1.3590610771231709e-5,1.81471899554483e-5,2.337290700852661e-5,1.6697465860481176e-5,1.1248916907248254e-5
603,1.3701832769143264e-5,4.2141578464307484e-6,6.533718159084004e-6,1.8270486194741225e-5,1.361795738798248e-5,1.825994078473925e-5,2.3589153464853097e-5,1.6647473447725247e-5,1.1298912093502689e-5
604,1.3701832769143264e-5,4.204159844422608e-6,6.811848191274705e-6,1.8384562506884705e-5,1.3608748833362322e-5,1.835758687330405e-5,2.3733512859473596e-5,1.6647473447725247e-5,1.1348907279757129e-5
605,1.3701832769143264e-5,4.4891029016545805e-6,7.093233488338795e-6,1.849921760410297e-5,1.3598782865158688e-5,1.84556098164925e-5,2.387859258788917e-5,1.6647473447725247e-5,1.1398902466011563e-5
606,1.3701832769143264e-5,4.804039964910971e-6,1.4223984344924468e-5,1.8618413938061847e-5,1.3567310337571612e-5,1.847815998235069e-5,2.39635807204932e-5,1.6647473447725247e-5,1.1398902466011563e-5
607,1.3701832769143264e-5,8.748251757121957e-6,2.149580045576629e-5,1.87378774035937e-5,1.3534781417354952e-5,1.849922310023449e-5,2.404754462848236e-5,1.6547488622213382e-5,1.1348907279757129e-5
608,1.3701832769143264e-5,2.069586415684851e-5,4.41934557802546e-5,1.885126362584032e-5,1.3496033732979223e-5,1.8532559456537047e-5,2.4143315257581517e-5,1.649749620945745e-5,1.1298912093502689e-5
609,1.3701832769143264e-5,3.9742057982354026e-05,6.937574929489773e-5,1.8964104454458775e-5,1.3455581868040676e-5,1.8567382860814e-5,2.424086421073728e-5,1.6397511383945585e-5,1.1248916907248254e-5
610,1.3701832769143264e-5,6.248751255087112e-5,8.988969590356686e-5,1.9061173389789376e-5,1.342714896075571e-5,1.859313119834313e-5,2.431186211041497e-5,1.6297526558433723e-5,1.114892653473938e-5
611,1.3701832769143264e-5,7.998401606511503e-5,1.0904310292195974e-4,1.915208716845929e-5,1.340109791987141e-5,1.8614387836168805e-5,2.437256148786611e-5,1.6197541732921862e-5,1.1098931348484945e-5
612,1.3701832769143264e-5,8.248351656714987e-5,1.0695384220438116e-4,1.925637978674248e-5,1.333525276795e-5,1.8599619209025904e-5,2.4395285768057813e-5,1.614754932016593e-5,1.104893616223051e-5
613,1.3701832769143264e-5,7.148571435819655e-5,9.339801796856156e-5,1.9368196610997856e-5,1.3247990750358983e-5,1.8565569884516448e-5,2.4397750660262852e-5,1.6097556907409997e-5,1.0998940975976072e-5
614,1.3701832769143264e-5,5.4989011044766574e-5,7.595573979794185e-5,1.9493481318724173e-5,1.317236898362981e-5,1.8530389996136057e-5,2.439525200241117e-5,1.5997572081898133e-5,1.0998940975976072e-5
615,1.3701832769143264e-5,3.8592287751418e-5,5.522967227519134e-5,1.9630197031677476e-5,1.3106254750566904e-5,1.8494120284925123e-5,2.4388510128297837e-5,1.584759484363034e-5,1.0948945789721637e-5
616,1.3701832769143264e-5,2.6894625401894924e-5,3.878076600023472e-5,1.9744818737449117e-5,1.3027772750963291e-5,1.845240145956146e-5,2.4360158240332056e-5,1.569761760536254e-5,1.08989506034672e-5
617,1.3701832769143264e-5,2.069586415684851e-5,2.772415689472224e-5,1.9831514063362428e-5,1.2933953126294284e-5,1.840390943623226e-5,2.4304748814188543e-5,1.5547640367094748e-5,1.08989506034672e-5
618,1.3701832769143264e-5,1.789642359456948e-5,1.931316172260076e-5,1.993477154680033e-5,1.2843193053863793e-5,1.834385714269121e-5,2.4250228550073334e-5,1.5447655541582886e-5,1.0948945789721637e-5
619,1.3701832769143264e-5,1.7046593423877636e-5,1.593162630804981e-5,2.006917211945449e-5,1.2758731473337996e-5,1.826244635872349e-5,2.419791430820556e-5,1.5347670716071022e-5,1.0998940975976072e-5
620,1.3701832769143264e-5,1.719656345399973e-5,1.3376709139595988e-5,2.0203895476092667e-5,1.2668589290936128e-5,1.8167703069286777e-5,2.4133444433545796e-5,1.5197693477803228e-5,1.104893616223051e-5
621,1.3701832769143264e-5,1.7396523494162516e-5,1.332094416129318e-5,2.0336248040020672e-5,1.2562910164104795e-5,1.8034632646099215e-5,2.403326175995176e-5,1.5097708652291363e-5,1.104893616223051e-5
622,1.3701832769143264e-5,1.6746653363633458e-5,1.3400135465695651e-5,2.0467865992122988e-5,1.244898918156906e-5,1.7903996500075214e-5,2.3925403029353898e-5,1.4997723826779502e-5,1.0948945789721637e-5
623,1.3701832769143264e-5,1.5246953062412552e-5,1.4171907659769002e-5,2.059296148165178e-5,1.2301512784091686e-5,1.7796837378578364e-5,2.378902358255704e-5,1.4847746588511705e-5,1.084895541721276e-5
624,1.3701832769143264e-5,1.3547292721028856e-5,1.4912109071543617e-5,2.071531887255755e-5,1.2151764145863886e-5,1.7684880999575096e-5,2.364711782492604e-5,1.4697769350243913e-5,1.069896985844945e-5
625,1.3701832769143264e-5,1.2097582429848646e-5,1.5169345489516033e-5,2.0797562005587915e-5,1.2005912201203707e-5,1.754418181657372e-5,2.3475757168205543e-5,1.4497799699220185e-5,1.0598979485940576e-5
626,1.3701832769143264e-5,1.0947812198912618e-5,1.5429074337669928e-5,2.087981626910048e-5,1.1857658458206452e-5,1.7400865021727017e-5,2.3301109988545e-5,1.434782246095239e-5,1.0448993927177269e-5
627,1.3701832769143264e-5,1.0347932078424255e-5,1.6365321747658508e-5,2.1001828615057826e-5,1.171972945826816e-5,1.7258179713006425e-5,2.3108364422283036e-05,1.414785280992866e-5,1.0349003554668394e-5
628,1.3701832769143264e-5,1.0697862148709132e-5,1.731379213596131e-5,2.1124508789947612e-5,1.1579767400816331e-5,1.711314160920307e-5,2.291238860915875e-5,1.3997875571660868e-5,1.024901318215952e-5
629,1.3701832769143264e-5,1.189762238968586e-5,1.7824350094196852e-5,2.1244272778499067e-5,1.1431294406518596e-5,1.6945869082604576e-5,2.273471377651575e-5,1.379790592063714e-5,1.0149022809650646e-5
630,1.3701832769143264e-5,1.2947412600540497e-5,1.8299749681236068e-5,2.136409241946156e-5,1.127997114531462e-5,1.677405393000213e-5,2.2555812125378004e-5,1.3647928682369344e-5,1.0149022809650646e-5
631,1.3701832769143264e-5,1.2947412600540497e-5,1.6434719563772132e-5,2.148332214486705e-5,1.1111217405722493e-5,1.6566620922835054e-5,2.2347016621744384e-5,1.3447959031345618e-5,1.0199017995905085e-5
632,1.3701832769143264e-5,1.1197762249116102e-5,1.4119956854925736e-5,2.1603175177276164e-5,1.0938517142721725e-5,1.635169156423544e-5,2.213185066611052e-5,1.3297981793077824e-5,1.029900836841396e-5
633,1.3701832769143264e-5,7.998401606511502e-6,1.0914768428533214e-5,2.1700322025982214e-5,1.079235625304723e-5,1.616312165877088e-5,2.1921794578335507e-5,1.3098012142054097e-5,1.0398998740922829e-5
634,1.3701832769143264e-5,5.048991014110385e-6,7.43153556856228e-6,2.1790968673079147e-5,1.0653540281938816e-5,1.5981671250115206e-5,2.1712413803493385e-5,1.29480349037863e-5,1.0498989113431703e-5
635,1.3701832769143264e-5,3.244351651641228e-6,5.306813108234985e-6,2.19215848817828e-5,1.0481447942998468e-5,1.577872994265159e-5,2.144840021238057e-5,1.2698072840006644e-5,1.0548984299686142e-5
636,1.3701832769143264e-5,2.344531470908684e-6,3.757176112977997e-6,2.2068752117528837e-5,1.0295114235495131e-5,1.5566489492717995e-5,2.1160953262496524e-5,1.2498103188982918e-5,1.0598979485940576e-5
637,1.3701832769143264e-5,1.9646073945993878e-6,2.9095610308065862e-6,2.218075815998174e-5,1.0110504640491016e-5,1.535447311850657e-5,2.088237542246441e-5,1.2298133537959192e-5,1.0648974672195016e-5
638,1.3701832769143264e-5,1.7746453564447394e-6,2.457522312104696e-6,2.2272951944105502e-5,9.92655778237245e-6,1.514223266857298e-5,2.0608322179082657e-5,1.2148156299691397e-5,1.069896985844945e-5
639,1.3701832769143264e-5,1.624675326322649e-6,2.17761610870891e-6,2.239596603346151e-5,9.761751562785778e-6,1.4915590260860038e-5,2.03464020580618e-5,1.1948186648667669e-5,1.0648974672195016e-5
640,1.3701832769143264e-5,1.6346733283307882e-6,2.0227996891484806e-6,2.254143030542981e-5,9.610453216502313e-6,1.4677764437558884e-5,2.0092529416157865e-5,1.174821699764394e-5,1.0648974672195016e-5
641,1.3701832769143264e-5,1.8096383634732275e-6,1.975500161840853e-6,2.265649723048975e-5,9.432657353959029e-6,1.4449838687073524e-5,1.983189238970949e-5,1.1548247346620216e-5,1.0648974672195016e-5
642,1.3701832769143264e-5,1.979604397611597e-6,2.027044373275728e-6,2.274473969342989e-5,9.231365724778853e-6,1.4232179678767501e-05,1.9566595704024197e-5,1.1348277695596489e-5,1.0648974672195016e-5
643,1.3701832769143264e-5,2.054589412672642e-6,2.091172839520831e-6,2.284912135557073e-5,9.048927714246314e-6,1.3997837214420056e-5,1.92891208751158e-5,1.1148308044572762e-5,1.0598979485940576e-5
644,1.3701832769143264e-5,2.0945814207052e-6,2.1696252264907118e-6,2.297197961817584e-5,8.887744124101663e-6,1.374444831368832e-5,1.8997712089358807e-5,1.0948338393549036e-5,1.0598979485940576e-5
645,1.3701832769143264e-5,2.154569432754036e-6,2.26750975725428e-6,2.308425279220173e-5,8.718354555738142e-6,1.3510666038646293e-5,1.8693888800852207e-5,1.079836115528124e-5,1.0548984299686142e-5
646,1.3701832769143264e-5,2.2695464558476387e-6,2.392208053318707e-6,2.318163338103413e-5,8.537728358225025e-6,1.3304221001708772e-5,1.837310390251456e-5,1.0598391504257516e-5,1.0448993927177269e-5
647,1.3701832769143264e-5,2.4945015010307747e-6,2.7543443118533734e-6,2.3294574383992457e-5,8.3611493403994e-6,1.3082671224045109e-5,1.806802002986657e-5,1.0398421853233789e-5,1.0398998740922829e-5
648,1.3701832769143264e-5,2.944411591397047e-6,3.5134844165978627e-6,2.3433538454351643e-5,8.191868401089299e-6,1.283651385798334e-5,1.7790185034060635e-5,1.019845220221006e-5,1.029900836841396e-5
649,1.3701832769143264e-5,3.579284718913897e-6,4.222583320835096e-6,2.3558656204844847e-5,8.024218890774133e-6,1.2598850998843764e-5,1.749950783731427e-5,9.998482551186336e-6,1.024901318215952e-5
650,1.3701832769143264e-5,4.184163840406329e-6,4.829161522410586e-6,2.365542461715585e-5,7.860224897596058e-6,1.237883919545498e-5,1.7183618957740064e-5,9.748520487406674e-6,1.024901318215952e-5
651,1.3701832769143264e-5,4.464107896634232e-6,5.136843216692408e-6,2.376165393934312e-5,7.6835512030725e-6,1.21447208068297e-5,1.6877375797890613e-5,9.59854324913888e-6,1.029900836841396e-5
652,1.3701832769143264e-5,4.0941818223330746e-6,4.728177818360753e-6,2.390244340878432e-5,7.481127439904393e-6,1.1884018889347206e-5,1.6604245482183804e-5,9.398573598115154e-6,1.029900836841396e-5
653,1.3701832769143264e-5,3.199360642604601e-6,4.292818241024825e-6,2.402598063080408e-5,7.290394754035971e-6,1.1635753174445036e-5,1.6319758653988922e-5,9.248596359847356e-6,1.024901318215952e-5
654,1.3701832769143264e-5,2.40451948295752e-6,3.784075476891149e-6,2.410019868616292e-5,7.134181192234473e-6,1.1424561806301597e-5,1.6004893999029592e-5,9.048626708823633e-6,1.0049032437141772e-5
655,1.3701832769143264e-5,1.9596083935953177e-6,3.310653469556533e-6,2.418750618859764e-5,6.972749449481552e-6,1.1205588899442862e-5,1.5695589420551048e-5,8.848657057799905e-6,9.799056505869593e-6
656,1.3701832769143264e-5,1.6896623393755549e-6,2.9550906809247384e-6,2.4319179793110987e-5,6.793714817090555e-6,1.0960358392050065e-5,1.5404777161218104e-5,8.648687406776179e-6,9.699066133360716e-6
657,1.3701832769143264e-5,1.5046993022249764e-6,2.6476846645266257e-6,2.444785929791056e-5,6.616293674951725e-6,1.0717226048237568e-5,1.511372854235865e-5,8.498710168508383e-6,9.749061319615151e-6
658,1.3701832769143264e-5,1.44471129017614e-6,2.528658535329748e-6,2.456431753324642e-5,6.444467427362415e-6,1.0481192830713763e-5,1.4820395114742924e-5,8.298740517484657e-6,9.899046878378464e-6
659,1.3701832769143264e-5,1.5396923092534642e-6,2.46356330828698e-6,2.467130372822379e-5,6.280395699632351e-6,1.025102632300672e-5,1.452260462177013e-5,8.048778453704999e-6,1.0149022809650646e-5
660,1.3701832769143264e-5,1.7946413604610185e-6,2.6451016005203647e-6,2.4734246605106548e-5,6.150992585492271e-6,1.004650018907177e-5,1.4202798927185168e-5,7.84880880268127e-6,1.0349003554668394e-5
661,1.3701832769143264e-5,2.1595684337581057e-6,2.8341486533762384e-6,2.481258293888212e-5,6.021473866121025e-6,9.839031533494349e-6,1.3891558451632344e-5,7.698831564413475e-6,1.0398998740922829e-5
662,1.3701832769143264e-5,2.5444915110714715e-6,3.062611349586907e-6,2.4978371471361104e-05,5.893585579147896e-6,9.619697049902117e-6,1.363077510738185e-5,7.548854326145682e-6,1.0448993927177269e-5
663,1.3701832769143264e-5,2.769446556254608e-6,3.1986149564896526e-6,2.5136791624618804e-5,5.7628789163667785e-6,9.40225906174023e-6,1.3367065407088834e-5,7.398877087877887e-6,1.0398998740922829e-5
664,1.3701832769143264e-5,2.639472530148796e-6,2.782312399617069e-6,2.5250010889632312e-5,5.615718440081462e-6,9.196758198413853e-6,1.3086619201275733e-5,7.2488998496100915e-6,1.0398998740922829e-5
665,1.3701832769143264e-5,2.284543458859848e-6,2.3861292930427648e-6,2.535815465475925e-5,5.4667351882117005e-6,8.988676390178494e-6,1.2804405926621572e-5,7.098922611342297e-6,1.0448993927177269e-5
666,1.3701832769143264e-5,2.039592409660433e-6,2.12780904558234e-6,2.5432740016030936e-5,5.307735141700467e-6,8.766430959250096e-6,1.2514370277161452e-5,6.89895296031857e-6,1.0448993927177269e-5
667,1.3701832769143264e-5,1.989602399619736e-6,1.8953760843250112e-6,2.5516585938499164e-5,5.153156995281186e-6,8.54753749742013e-6,1.2230131063708624e-5,6.748975722050776e-6,1.0498989113431703e-5
668,1.3701832769143264e-5,2.0495904116685723e-6,1.849303890061294e-6,2.566699214456754e-5,5.031160588710044e-6,8.354036907541859e-6,1.198929196140944e-5,6.598998483782981e-6,1.0448993927177269e-5
669,1.3701832769143264e-5,2.069586415684851e-6,1.7894125551247066e-6,2.581214476303404e-5,4.905788708708333e-6,8.161713733730982e-6,1.1738795884169948e-5,6.449021245515184e-6,1.0349003554668394e-5
670,1.3701832769143264e-5,1.9046193825505512e-6,1.628292049529504e-6,2.591484572236157e-5,4.760823735218277e-6,7.987217820670597e-6,1.1427611684694864e-5,6.249051594491459e-6,1.0349003554668394e-5
671,1.3701832769143264e-5,1.6696663353592765e-6,1.472778253039509e-6,2.601747989879586e-5,4.617161313772435e-6,7.809612347702126e-6,1.1125464297783386e-5,6.099074356223664e-6,1.029900836841396e-5
672,1.3701832769143264e-5,1.5446913102575336e-6,1.3705785451738633e-6,2.614915350330921e-5,4.497598596636621e-6,7.62865796121325e-6,1.0924019575424258e-5,5.949097117955869e-6,1.029900836841396e-5
673,1.3701832769143264e-5,1.4747052962005583e-6,1.2786242359178458e-6,2.627351438101232e-5,4.377312350209224e-6,7.441403991353421e-6,1.071311259335381e-5,5.7991198796880736e-6,1.029900836841396e-5
674,1.3701832769143264e-5,1.3797242771232342e-6,1.271505704263165e-6,2.633685795525454e-5,4.263006681300826e-6,7.22492749174484e-6,1.0452037739020616e-5,5.5991502286643466e-6,1.029900836841396e-5
675,1.3701832769143264e-5,1.344731270094746e-6,1.2634720227388196e-6,2.640635668615744e-5,4.149922840094195e-6,7.0086363638700544e-6,1.0187101220232858e-5,5.449172990396552e-6,1.024901318215952e-5
676,1.3701832769143264e-5,1.479704297204628e-6,1.2500767210771122e-6,2.652110082723337e-5,4.056447041328212e-6,6.814432991044985e-6,9.920926627734802e-6,5.349188164884688e-6,1.024901318215952e-5
677,1.3701832769143264e-5,1.6746653363633457e-6,1.247859087617156e-6,2.663643488386628e-5,3.961951724014998e-6,6.623378900642387e-6,9.657784190305415e-6,5.1992109266168926e-6,1.024901318215952e-5
678,1.3701832769143264e-5,1.8146373644772969e-6,1.31782084752942e-6,2.675025519491899e-5,3.868426095407997e-6,6.467605532695156e-6,9.434907286499512e-6,5.049233688349099e-6,1.024901318215952e-5
679,1.3701832769143264e-5,1.8846233785342728e-6,1.3738992678095925e-6,2.686247271653384e-5,3.767242616833324e-6,6.311288271858664e-6,9.206677402178914e-6,4.9242526564592695e-6,1.024901318215952e-5
680,1.3701832769143264e-5,1.894621380542412e-6,1.3471497014679537e-6,2.6963492973048053e-5,3.629338531815543e-6,6.16299801450584e-6,8.964053222693796e-6,4.79927162456944e-6,1.0199017995905085e-5
681,1.3701832769143264e-5,1.8096383634732275e-6,1.323527002081262e-6,2.706551497296093e-5,3.492581529737999e-6,6.013687194091141e-6,8.730488366203378e-6,4.6842890752307975e-6,1.0199017995905085e-5
682,1.3701832769143264e-5,1.639672329334858e-6,1.3176055921955645e-6,2.7188740541478885e-5,3.370266212184342e-6,5.8704539183772455e-6,8.559233508509038e-6,4.5643072846165615e-6,1.0149022809650646e-5
683,1.3701832769143264e-5,1.44971029118021e-6,1.412764814200091e-6,2.7301837371188114e-5,3.2593928227252763e-6,5.721611619927081e-6,8.37327596274416e-6,4.429327770175546e-6,9.99903725088734e-6
684,1.3701832769143264e-5,1.3747252761191646e-6,1.941712627244339e-6,2.737041227206781e-5,3.2012603335966603e-6,5.553177973677353e-6,8.129744612885857e-6,4.294348255734531e-6,9.749061319615151e-6
685,1.3701832769143264e-5,1.6146773243145096e-6,2.427643361201866e-6,2.7462539273298328e-5,3.136060976414848e-6,5.386022577569994e-6,7.89277843025679e-6,4.194363430222667e-6,9.19911427081635e-6
686,1.3701832769143264e-5,2.109578423717409e-6,2.743682249410377e-6,2.764093864211828e-5,3.0463941706962937e-6,5.22767233881783e-6,7.685862547619712e-6,4.114375569813177e-6,8.549176849508673e-6
687,1.3701832769143264e-5,2.454509492998217e-6,3.003603694441935e-6,2.779495112442185e-5,2.94915621893344e-6,5.074075560953661e-6,7.481880899676036e-6,4.004392261750126e-6,7.949234614455433e-6
688,1.3701832769143264e-5,2.439512489986008e-6,3.082582261116794e-6,2.7869569877140158e-5,2.8299582562338787e-6,4.938238821123335e-6,7.290881017345588e-6,3.859414264757925e-6,7.599268310674377e-6
689,1.3701832769143264e-5,2.109578423717409e-6,3.0204061985138497e-6,2.795500745856404e-5,2.7295531197759097e-6,4.807964251832825e-6,7.098668948300605e-6,3.7444317154192818e-6,7.699258683183249e-6
690,1.3701832769143264e-5,1.684663338371485e-6,2.585084385271581e-6,2.8069161684082964e-5,2.680537498359978e-6,4.694528973063251e-6,6.906338699492366e-6,3.669443096285385e-6,8.099220173218744e-6
691,1.3701832769143264e-5,1.5046993022249764e-6,2.276511458379412e-6,2.818687766390826e-5,2.604582868292804e-6,4.575594672366468e-6,6.723578760464715e-6,3.594454477151487e-6,8.499181663254236e-6
692,1.3701832769143264e-5,1.5796843172860217e-6,2.25434645300795e-6,2.831736030682542e-5,2.4698987876016164e-6,4.446622797842564e-6,6.565516140914355e-6,3.494469651639624e-6,8.749157594526422e-6
693,1.3701832769143264e-5,1.684663338371485e-6,2.2355978393094856e-6,2.8433462366730647e-5,2.36719749206953e-6,4.317661108578758e-6,6.411538039086417e-6,3.359490137198608e-6,8.949138339544166e-6
694,1.3701832769143264e-5,1.624675326322649e-6,2.223514588141796e-6,2.852243944149648e-5,2.325393245245748e-6,4.190371839023134e-6,6.267189899681471e-6,3.219511381482e-6,9.099123898307475e-6
695,1.3701832769143264e-5,1.2747452560377708e-6,2.0626609488084493e-6,2.860513892429734e-5,2.285597141014997e-6,4.059309949127007e-6,6.10357958438743e-6,3.1295250385213224e-6,9.19911427081635e-6
696,1.3701832769143264e-5,8.49830170691847e-7,1.6733937065861898e-6,2.8677999060826875e-5,2.249203418328968e-6,3.923372375221705e-6,5.911444050808176e-6,3.0695341432142043e-6,9.299104643325225e-6
697,1.3701832769143264e-5,6.048791214924324e-7,1.350047466254704e-6,2.8770526759416855e-5,2.1899836420693355e-6,3.800541194011217e-6,5.729392064838502e-6,3.01454248918268e-6,9.399095015834096e-6
698,1.3701832769143264e-5,5.29894106431387e-7,1.1109281204544634e-6,2.888790882477593e-5,2.1019133844570043e-6,3.694573747945899e-6,5.560479417499731e-6,2.939553870048782e-6,9.449090202088534e-6
699,1.3701832769143264e-5,5.448911094435961e-7,8.969850888540364e-7,2.899125535207149e-5,2.0418584600619075e-6,3.589745013959599e-6,5.3923186185595775e-6,2.834569803261325e-6,9.399095015834096e-6
700,1.3701832769143264e-5,5.94881119484293e-7,7.092906199527084e-7,2.907977607706682e-5,2.010779588218876e-6,3.4862006412717263e-6,5.225107759811686e-6,2.749582701576242e-6,9.34909982957966e-6
701,1.3701832769143264e-5,6.848631375575474e-7,9.110629135684704e-7,2.9205906701440897e-5,1.937709109349833e-6,3.399669727052472e-6,5.078767447254719e-6,2.689591806269124e-6,9.299104643325225e-6
702,1.3701832769143264e-5,9.448111897691712e-7,1.4358424518349738e-6,2.936683121319525e-5,1.8298823163706185e-6,3.327328917202517e-6,4.949811940633415e-6,2.609603945859633e-6,9.34909982957966e-6
703,1.3701832769143264e-5,1.5246953062412552e-6,2.622742739468121e-6,2.9466538072809e-5,1.768824815574236e-6,3.223335374544298e-6,4.82395161828785e-6,2.499620637796584e-6,9.449090202088534e-6
704,1.3701832769143264e-5,2.6144775251284477e-6,4.239778571481063e-6,2.9526965460712887e-5,1.738052895551876e-6,3.098777791747106e-6,4.700050828969217e-6,2.404635053560313e-6,9.499085388342967e-6
705,1.3701832769143264e-5,4.189162841410399e-6,6.3493576302511855e-6,2.95988795062548e-5,1.6737644278638756e-6,3.012095117152383e-6,4.576717302514211e-6,2.339644916977602e-6,9.549080574597409e-6
706,1.3701832769143264e-5,5.998801204883626e-6,8.716512983836656e-6,2.967650348916909e-5,1.5924640524522726e-6,2.943453593770222e-6,4.452736601165186e-6,2.274654780394891e-6,9.599075760851844e-6
707,1.3701832769143264e-5,7.448511496063837e-6,9.974820137366075e-6,2.9788008659922663e-5,1.52902069886794e-6,2.853683766839629e-6,4.3405581188399445e-6,2.20966464381218e-6,9.699066133360716e-6
708,1.3701832769143264e-5,7.948411596470805e-6,1.0840049651623063e-5,2.991164605628229e-5,1.4717911264585735e-6,2.7561334197197527e-6,4.232296451525458e-6,2.1646714723318413e-6,9.699066133360716e-6
709,1.3701832769143264e-5,7.598481526185927e-6,1.0524359451879336e-5,3.00128110090652e-5,1.4299131314700844e-6,2.6888658879248865e-6,4.085998908787573e-6,2.1196783008515026e-6,9.649070947106282e-6
710,1.3701832769143264e-5,6.89862138561617e-6,9.924355979009842e-6,3.0108655591352985e-5,1.3913308821665368e-6,2.6282228492981178e-6,3.92938258443515e-6,2.0446896817176053e-6,9.649070947106282e-6
711,1.3701832769143264e-5,6.148771235005718e-6,8.892358968352541e-6,3.01918782068176e-5,1.35291606112881e-6,2.543015000365665e-6,3.809938860473582e-6,1.969701062583708e-6,9.699066133360716e-6
712,1.3701832769143264e-5,5.498901104476658e-6,7.798005886245854e-6,3.0274099078883544e-5,1.3143597233425924e-6,2.454159809791921e-6,3.69495220186908e-6,1.9247078911033693e-6,9.649070947106282e-6
713,1.3701832769143264e-5,4.469106897638302e-6,6.0902531484457806e-6,3.0437739428296502e-5,1.2965605041309025e-6,2.3959602150627946e-6,3.566070979670392e-6,1.8747154783474375e-6,9.599075760851844e-6
714,1.3701832769143264e-5,2.809438564287165e-6,4.351520007011161e-6,3.059981037971822e-5,1.2791290291459263e-6,2.336774687156128e-6,3.438739600652685e-6,1.7847291353867605e-6,9.399095015834096e-6
715,1.3701832769143264e-5,1.3347332680866069e-6,2.8678669538010445e-6,3.062523240107989e-5,1.2551279879211151e-6,2.2404862937624623e-6,3.3898323125313358e-6,1.70474127497727e-6,9.099123898307475e-6
716,1.3701832769143264e-5,6.298741265127808e-7,1.5020101791376517e-6,3.0667973452756245e-5,1.2278391737859257e-6,2.149993313364872e-6,3.331298438551658e-6,1.6647473447725249e-6,8.549176849508673e-6
717,1.3701832769143264e-5,3.864227776145869e-7,1.0181304131067333e-6,3.083080127696807e-5,1.1791175484320012e-6,2.104140290927208e-6,3.208988011189977e-6,1.6347518971189652e-6,7.999229800709868e-6
718,1.3701832769143264e-5,3.234353649633089e-7,6.037049834496163e-7,3.097883669032627e-5,1.126524144430965e-6,2.0528045429784944e-6,3.0969310851926567e-6,1.5947579669142202e-6,7.599268310674377e-6
719,1.3701832769143264e-5,3.199360642604601e-7,4.577628741383766e-7,3.107128647554081e-5,1.0613736204933502e-6,1.983041622459483e-6,3.0263811430937804e-6,1.5397663128826954e-6,7.499277938165502e-6
720,1.3701832769143264e-5,3.1293746285476255e-7,3.3876368332830866e-7,3.1165116440549054e-5,9.953920344672343e-7,1.9222834903936004e-6,2.9517140431473937e-6,1.4847746588511704e-6,7.699258683183249e-6
721,1.3701832769143264e-5,2.829434568303444e-7,2.830963881477681e-7,3.12584900557868e-5,9.28530752427784e-7,1.8829154230606835e-6,2.8686944477427293e-6,1.4347822460952389e-6,7.949234614455433e-6
722,1.3701832769143264e-5,2.594481521112169e-7,2.7715962086398284e-7,3.134873600552427e-5,8.807268930857322e-7,1.8372039757383896e-6,2.7771422734310165e-6,1.3947883158904936e-6,8.099220173218744e-6
723,1.3701832769143264e-5,2.8544295733237925e-7,3.456523575329197e-7,3.143366158476661e-5,8.617185029518954e-7,1.7822728309748877e-6,2.673371437120239e-6,1.379790592063714e-6,8.099220173218744e-6
724,1.3701832769143264e-5,2.924415587380768e-7,3.92667395334984e-7,3.1508569730022305e-5,8.490316261093056e-7,1.7195784809642709e-6,2.599199566657971e-6,1.349795144410155e-6,7.949234614455433e-6
725,1.3701832769143264e-5,2.2195564458069417e-7,4.1827371668125926e-7,3.157350496322018e-5,8.426463306215554e-7,1.649090369926243e-6,2.554523114061168e-6,1.2898042491030369e-6,7.849244241946559e-6
726,1.3701832769143264e-5,2.1995604417906638e-7,4.400252052271579e-7,3.166923824068589e-5,8.057476323266478e-7,1.5927312516969245e-6,2.494944756078623e-6,1.234812595071512e-6,7.799249055692124e-6
727,1.3701832769143264e-5,3.7192567470278493e-7,4.594156826375094e-7,3.178551838830644e-5,7.485575251513675e-7,1.5451691426147237e-6,2.425107269123944e-6,1.2098163886935463e-6,7.849244241946559e-6
728,1.3701832769143264e-5,4.854029974951668e-7,5.627038775627133e-7,3.191671338208487e-5,7.344922552465332e-7,1.502480680489679e-6,2.3396700534195383e-6,1.169822458488801e-6,7.899239428200997e-6
729,1.3701832769143264e-5,4.624075928764463e-7,7.010594322185278e-7,3.205458666518774e-5,7.376508692089929e-7,1.4612150992004022e-6,2.2468662991388726e-6,1.1098315631816828e-6,7.949234614455433e-6
730,1.3701832769143264e-5,4.149170833377842e-7,5.004441045521589e-7,3.2153191607062955e-05,7.206626804897146e-7,1.4311380261293833e-6,2.194223404977093e-6,1.074836874252531e-6,8.099220173218744e-6
731,1.3701832769143264e-5,3.7392527510441277e-7,2.2565040415589887e-7,3.224004275972717e-5,6.990948304018209e-7,1.402801614009206e-6,2.1490112041202e-6,1.0698376329769378e-6,8.349196104490927e-6
732,1.3701832769143264e-5,2.764447555250538e-7,2.0472708218393726e-7,3.232325424470958e-5,6.871324794476352e-7,1.3582573974942055e-6,2.0699748294980238e-6,1.0348429440477855e-6,8.599172035763109e-6
733,1.3701832769143264e-5,1.544691310257534e-7,1.9800696171735665e-7,3.240731164633974e-5,6.752165699052784e-7,1.3101513955227423e-6,1.9891680094701235e-6,9.798512900162608e-7,8.849147967035293e-6
734,1.3701832769143264e-5,9.048191817366136e-8,1.8331458931878227e-7,3.2496967680520216e-5,6.587720247515086e-7,1.2353732529312054e-6,1.9320376608693e-6,9.448566010871084e-7,8.999133525798602e-6
735,1.3701832769143264e-5,9.298141867569623e-8,2.7124513439545626e-7,3.2583896746559885e-5,6.3221640689706e-7,1.1666492289422465e-6,1.8771954975894137e-6,9.29858877260329e-7,9.099123898307475e-6
736,1.3701832769143264e-5,1.369726275115095e-7,8.102553160753997e-7,3.2656523142963066e-5,5.623874588459315e-7,1.1292153425020444e-6,1.83610270562314e-6,9.098619121579564e-7,9.099123898307475e-6
737,1.3701832769143264e-5,1.9896023996197362e-7,1.1637672626608977e-6,3.273879966744005e-5,5.150320680730432e-7,1.102136810004038e-6,1.7857671306487306e-6,8.798664645043973e-7,9.149119084561914e-6
738,1.3701832769143264e-5,2.544491511071472e-7,1.0956525445694852e-6,3.284244671775521e-5,5.188807256739225e-7,1.0988011373217628e-6,1.7158970035689626e-6,8.548702581264316e-7,9.149119084561914e-6
739,1.3701832769143264e-5,2.779444558262748e-7,1.0109593893618666e-6,3.293952678356802e-5,5.131951408137494e-7,1.079653866862498e-6,1.652124952273179e-6,8.39872534299652e-7,9.19911427081635e-6
740,1.3701832769143264e-5,2.554489513079612e-7,9.054836463713216e-7,3.3028136552421e-5,4.953740961316936e-7,1.0404243190669216e-6,1.596420639482305e-6,8.348732930240589e-7,9.249109457070788e-6
741,1.3701832769143264e-5,1.914617384558691e-7,7.883570510854804e-7,3.312502740003628e-5,5.025641435518872e-7,1.008521334418035e-6,1.5379554223174711e-6,8.198755691972792e-7,9.249109457070788e-6
742,1.3701832769143264e-5,1.5196963052371858e-7,6.620855028792282e-7,3.3231167678365896e-5,5.284134732397443e-7,9.819930096705526e-7,1.4772875594698658e-6,7.848808802681272e-7,9.299104643325225e-6
743,1.3701832769143264e-5,2.2945414608679879e-7,4.965448360015771e-7,3.333800917707457e-5,5.147583029264894e-7,9.085861086460834e-7,1.4164846340356828e-6,7.49886191338975e-7,9.34909982957966e-6
744,1.3701832769143264e-5,3.359328674734831e-7,3.124011989466724e-7,3.3445952593521787e-05,4.848351844160331e-7,8.149512810658929e-7,1.3546169652106452e-6,7.19890743685416e-7,9.399095015834096e-6
745,1.3701832769143264e-5,3.3643276757389e-7,1.5501870922212846e-7,3.357422027047968e-5,4.656546820113196e-7,8.106764255499304e-7,1.304176716731638e-6,6.948945373074501e-7,9.399095015834096e-6
746,1.3701832769143264e-5,2.754449553242399e-7,2.560624581808787e-9,3.370695127080273e-5,4.478864569607431e-7,8.21463430815103e-7,1.2546729021862365e-6,6.698983309294843e-7,9.34909982957966e-6
747,1.3701832769143264e-5,2.404519482957521e-7,5.10253957281589e-7,3.372275655553722e-5,4.2297701773417086e-7,8.377987546663601e-7,1.200632110253378e-6,6.549006071027049e-7,9.34909982957966e-6
748,1.3701832769143264e-5,3.029394608466232e-7,9.95359042271423e-7,3.375590313155081e-5,3.953216552884513e-7,8.446933609322709e-7,1.1524856747030828e-6,6.29904400724739e-7,9.299104643325225e-6
749,1.3701832769143264e-5,4.254149854463306e-7,1.2991993729462733e-6,3.388923517791306e-5,3.55171360547744e-7,7.973668369161495e-7,1.1432642766044884e-6,6.049081943467732e-7,9.249109457070788e-6
750,1.3701832769143264e-5,4.3441318725365593e-7,1.5746708129433964e-6,3.400692889677394e-5,3.339960699473912e-7,7.426812587736238e-7,1.1266752144080791e-6,5.699135054176211e-7,9.249109457070788e-6
751,1.3701832769143264e-5,3.229354648629019e-7,1.7734270142789434e-6,3.408143634467017e-5,3.579377140017087e-7,6.727962169860311e-7,1.0934159399111583e-6,5.499165403152484e-7,9.249109457070788e-6
752,1.3701832769143264e-5,2.134573428737757e-7,1.6252243463212886e-6,3.418376999808486e-5,3.533513754343964e-7,6.384192326592068e-7,1.088707770695214e-6,5.649142641420278e-7,9.249109457070788e-6
753,1.3701832769143264e-5,1.4997003012209068e-7,1.0634694804322205e-6,3.4319439445710663e-5,3.1473454422118225e-7,6.46575487093525e-7,1.1181169736095814e-6,5.699135054176211e-7,9.299104643325225e-6
754,1.3701832769143264e-5,1.429714287163931e-7,6.026083141697651e-7,3.4441251442988275e-5,2.9244814782580625e-7,6.519549340671754e-7,1.1005337382238046e-6,5.349188164884689e-7,9.299104643325225e-6
755,1.3701832769143264e-5,2.3695264759290327e-7,2.0073944565419405e-7,3.455471557861035e-5,2.800911445307568e-7,6.556438315696684e-7,1.0537389415086855e-6,5.049233688349099e-7,9.34909982957966e-6
756,1.3701832769143264e-5,1.0997802208953317e-6,-9.308638866768929e-9,3.459980516203246e-5,2.7999038859221805e-7,6.22525032422818e-7,1.0096206350509156e-6,4.999241275593166e-7,9.249109457070788e-6
757,1.3701832769143264e-5,4.589082921735974e-6,-1.7052426843748864e-7,3.462638475354369e-5,2.832330156666343e-7,5.787678309556328e-7,9.654611345042393e-7,4.764276935640288e-7,8.649167222017547e-6
758,1.3701832769143264e-5,1.0297942068383558e-5,-1.1603518780303973e-7,3.474235324766243e-5,2.649426735418695e-7,5.53345218044449e-7,9.104206543263948e-7,4.274351290632158e-7,7.449282751911067e-6
759,1.3701832769143264e-5,1.5196963052371857e-5,7.03386455669782e-8,3.4856039992928646e-5,2.508803934274962e-7,5.294221809775749e-7,8.592578210091969e-7,4.124374052364363e-7,5.749446419260219e-6
760,1.3701832769143264e-5,1.6646673343552064e-5,1.0689365882712028e-6,3.492353523703422e-5,2.72810008161182e-7,5.124916305261585e-7,8.419496630914168e-7,4.2643528080809725e-7,4.069608161111146e-6
761,1.3701832769143264e-5,1.3347332680866068e-5,2.147644006375055e-6,3.499837659939668e-5,2.75352525969293e-7,4.95582978383954e-7,8.284410408383789e-7,4.3143452208369033e-7,3.009710212517089e-6
762,1.3701832769143264e-5,7.798441566348714e-6,3.381835009693975e-6,3.5098050067563805e-5,2.330421076204481e-7,4.793440070932292e-7,8.24341216022812e-7,4.2593535668053777e-7,2.689741020488693e-6
763,1.3701832769143264e-5,3.074385617502859e-6,3.956630950046231e-6,3.516272929967091e-5,2.2034386957410613e-7,4.5496192035371357e-7,7.894493725106327e-7,4.164367982569108e-7,3.0247087683934198e-6
764,1.3701832769143264e-5,5.448911094435961e-7,3.81927412978738e-6,3.518995445915017e-5,2.396016082323978e-7,4.218629824640553e-7,7.21451888193765e-7,3.979396055372161e-7,3.749638969082751e-6
765,1.3701832769143264e-5,2.0945814207052003e-7,2.9680890819620923e-6,3.525460029981066e-5,2.531309083672408e-7,4.316763787164075e-7,6.906191256168685e-7,3.719435509041318e-7,4.704547026542492e-6
766,1.3701832769143264e-5,7.998401606511503e-7,1.753872766582425e-6,3.5337811784793064e-5,2.6388667955101244e-7,4.630119425252038e-7,6.781430568382174e-7,3.4544757214348785e-7,5.849436791769092e-6
767,1.3701832769143264e-5,1.6596683333511366e-6,9.294236900250588e-7,3.544241605657805e-5,2.1934338602614339e-7,4.315324609912151e-7,6.88921951664364e-7,3.339493172096235e-7,6.9493308893666994e-6
768,1.3701832769143264e-5,2.639472530148796e-6,2.0162199252299986e-7,3.555303078875504e-5,1.680991748005151e-7,3.924562013601216e-7,7.010667794494331e-7,3.504468134190811e-7,7.749253869437687e-6
769,1.3701832769143264e-5,3.1793646385883222e-6,3.120915333786704e-7,3.568656318379703e-5,1.7813899082853777e-7,4.174182368096489e-7,6.631331013832127e-7,3.744431715419282e-7,8.29920091823649e-6
770,1.3701832769143264e-5,2.809438564287165e-6,5.935435470082228e-7,3.580707291465638e-5,1.8470576659727608e-7,4.29734762583821e-7,6.429185091544351e-7,3.7594294392460613e-7,8.649167222017547e-6
771,1.3701832769143264e-5,1.8846233785342728e-6,1.4028139755210012e-6,3.588418489538913e-5,1.8029722090271665e-7,4.023290795314494e-7,6.784130694592173e-7,3.4544757214348785e-7,8.849147967035293e-6
772,1.3701832769143264e-5,9.448111897691712e-7,1.689380506235075e-6,3.595568711308937e-5,1.7130612370876237e-7,3.6703114398651417e-7,6.661570401445324e-7,3.0095432479070866e-7,8.849147967035293e-6
773,1.3701832769143264e-5,4.5890829217359757e-7,1.3089613911570692e-6,3.601976529915728e-5,1.565964542998811e-7,3.2210436910221244e-7,5.934010757982204e-7,2.914557663670816e-7,8.849147967035293e-6
774,1.3701832769143264e-5,3.654269733974943e-7,9.09995070880112e-7,3.610845298138571e-5,1.1349563501280597e-7,3.205320705007992e-7,4.908112492549097e-7,2.974548558977934e-7,8.89914315328973e-6
775,1.3701832769143264e-5,2.2545494528354294e-7,4.963518614829807e-7,3.621142107228623e-5,5.42213847709726e-8,3.429075591482996e-7,3.705887769295655e-7,2.584607739481667e-7,8.89914315328973e-6
776,1.3701832769143264e-5,7.048591415738263e-8,1.8443643466107254e-7,3.6212678816775656e-5,1.0326377477749929e-7,3.140831712168011e-7,4.4780585851054e-7,2.2696555391192977e-7,8.849147967035293e-6
777,1.3701832769143264e-5,6.3987212852092e-8,-8.839598753101853e-8,3.620360747377664e-5,1.6792895606359705e-7,2.791644329053349e-7,5.512614362338139e-7,2.5946062220328537e-7,8.89914315328973e-6
778,1.3701832769143264e-5,1.4097182831476526e-7,-2.3656699659015573e-8,3.630241276433159e-5,1.8531070086723665e-7,2.855198315016284e-7,5.380722369980324e-7,2.739584219025056e-7,8.949138339544166e-6
779,1.3701832769143264e-5,1.76964635544067e-7,4.975608160013107e-9,3.640290988818206e-5,1.7262272776814441e-7,2.7945766654357216e-7,5.191607736254191e-7,2.3146487105996366e-7,8.999133525798602e-6
780,1.3701832769143264e-5,5.1989610442324767e-8,-6.144574279567698e-8,3.650610058872671e-5,8.154423268757787e-8,2.410430414084805e-7,4.856829228425534e-7,1.9946972689616738e-7,8.999133525798602e-6
