"wavelength_nm","synthetic_source","photopic_V","model_transmission_age32","model_transmission_age65","synthetic_material1","synthetic_material2","synthetic_material3","synthetic_step1","synthetic_step2","synthetic_step3"
380,0.16117065979112,3.9e-05,0.000666352917032773,5.30565094775643e-06,0.8,0.3,0.40470915209472,0.128936527832896,0.0386809583498688,0.0156545378559866
381,0.161234857492969,4.28e-05,0.000791762638021574,7.70987833612133e-06,0.800175,0.301075,0.40484420250221,0.129016102094437,0.0388435229380825,0.0157255750662443
382,0.161302396997237,4.69e-05,0.000943721068238894,1.1154163026222e-05,0.80035,0.30215,0.404983083534318,0.129098373436739,0.0390070735339106,0.015797204919413
383,0.161373477093255,5.16e-05,0.00112791092852792,1.6060210901495e-05,0.800525,0.303225,0.405125901380166,0.129183502750078,0.0391716676213925,0.0158694571536809
384,0.16144832068018,5.72e-05,0.00135116344827301,2.30058852405666e-05,0.8007,0.3043,0.40527276502937,0.12927167036862,0.039337369293171,0.0159423644224248
385,0.1615271805228,6.4e-05,0.00162165470940919,3.27758369941755e-05,0.800875,0.305375,0.405423786337532,0.129363080701197,0.0395042507691281,0.0160159629232473
386,0.161610346513489,7.23e-05,0.00194912226438245,4.64253358047556e-05,0.80105,0.30645,0.405579080092766,0.12945796807463,0.0396723943164705,0.0160902931919516
387,0.161698154791759,8.22e-05,0.00234509955006943,6.53594177221528e-05,0.801225,0.307525,0.405738764083227,0.129556604073027,0.0398418946675576,0.0161654011011489
388,0.161790999139501,9.35e-05,0.0028231637495822,9.14292779627703e-05,0.8014,0.3086,0.405902959165645,0.129659306710396,0.0400128620508283,0.0162413391111179
389,0.161889345144816,0.000106,0.00339919049969148,0.000127047394813409,0.801575,0.309675,0.40607178933483,0.129766451834456,0.0401854259718351,0.0163181678295654
390,0.161993747710036,0.00012,0.00409160624867481,0.00017532210911492,0.80175,0.31075,0.406245381794122,0.129878487226521,0.0403597399056415,0.0163959579470788
391,0.162104872569478,0.000135,0.00492162623479894,0.000240211249122622,0.801925,0.311825,0.40642386702676,0.129995949935279,0.0405359870885684,0.0164747926262828
392,0.162223522578136,0.000151,0.00591346313711368,0.000326692853025622,0.8021,0.3129,0.406607378868136,0.130119487459923,0.0407143876262099,0.0165547704349145
393,0.162350669631934,0.00017,0.00709448867055277,0.000440949108672518,0.802275,0.313975,0.406796054578906,0.13024988347896,0.0408952071653065,0.0166360089260337
394,0.162487493180255,0.000192,0.00849532804153372,0.00059055736085306,0.80245,0.31505,0.4069900349189,0.130388088902495,0.0410787674087312,0.0167186489821049
395,0.162635426388135,0.000217,0.010149865583324,0.000784679551276706,0.802625,0.316125,0.407189464221807,0.130535259104777,0.0412654587844977,0.0168028600533267
396,0.162796211093651,0.000247,0.0120951394140134,0.00103423894199427,0.8028,0.3172,0.407394490470569,0.130692798265983,0.0414557556099699,0.0168888464337961
397,0.162971962778908,0.000281,0.0143711039576243,0.00135207067848219,0.802975,0.318275,0.407605265373441,0.130862411812394,0.0416502341195896,0.0169768547311813
398,0.163165246822936,0.000319,0.0170202419420643,0.00175303097011329,0.80315,0.31935,0.407821944440651,0.131046167985841,0.0418495937462783,0.0170671826956585
399,0.163379167322207,0.000357,0.0200870122353294,0.00225404871972695,0.803325,0.320425,0.408044687061608,0.131246569589112,0.0420546820605913,0.0171601895808894
400,0.163617469738853,0.000396,0.0236171266505429,0.00287410362003001,0.8035,0.3215,0.408273656582562,0.131466636935168,0.0422665237746566,0.0172563082125129
401,0.163884658555956,0.000434,0.0276566574939391,0.0036341162913103,0.803675,0.322575,0.408509020384677,0.131710002964958,0.0424863542064214,0.0173560589365816
402,0.164186130970736,0.000473,0.0322509877808471,0.00455673909542724,0.80385,0.32365,0.408750949962399,0.131981021380826,0.0427156575699043,0.0174600656099669
403,0.164528327426384,0.000518,0.0374436271143768,0.00566604081405013,0.804025,0.324725,0.408999621002056,0.132284888458999,0.0429562104048483,0.0175690737752675
404,0.164918899458304,0.000572,0.043274927426227,0.00698708424465623,0.8042,0.3258,0.409255213460576,0.132627778944368,0.0432101303800752,0.017683971132357
405,0.165366894897377,0.00064,0.0497807431975952,0.00854540259285243,0.804375,0.326875,0.40951791164424,0.133016996083077,0.0434799305946559,0.01780581037556
406,0.165882959920157,0.000725,0.0569910894358603,0.0103663878179132,0.80455,0.32795,0.409787904287338,0.133461135403763,0.0437685793556639,0.0179358344077916
407,0.166479556754254,0.000826,0.0649288566541919,0.0124746112044833,0.804725,0.329025,0.41006538463062,0.133970261309067,0.0440795652272158,0.0180755038692488
408,0.167171195030899,0.000941,0.0736086446193793,0.0148931027260542,0.8049,0.3301,0.410350550499423,0.134556094880371,0.0444169669200104,0.0182265268271409
409,0.167974673824862,0.00106988,0.0830357751891537,0.0176426206039692,0.805075,0.331175,0.410643604381318,0.13523221052955,0.0447855273221239,0.0183908903636749
410,0.168909330339367,0.00121,0.0932055389798582,0.0207409453249949,0.80525,0.33225,0.410944753503156,0.136014238255775,0.0451907306604813,0.018570893671899
411,0.169997289992812,0.001362091,0.104102721088955,0.0242022329098512,0.805425,0.333325,0.411254209907334,0.136920067292461,0.0456388814302595,0.0187691821236559
412,0.171263711365518,0.001530752,0.115701438216121,0.0280364602929265,0.8056,0.3344,0.411572190527142,0.137970045876062,0.046137183340955,0.0189887816123892
413,0.172737018098712,0.001720368,0.127965304175862,0.0322489913862918,0.805775,0.335475,0.41189891726099,0.13918717075849,0.0466938161102044,0.019233132298577
414,0.174449108444738,0.001935323,0.140847924103147,0.0368402860925522,0.80595,0.33655,0.412234617045358,0.140597258951037,0.0473180074999715,0.0195061207011001
415,0.176435531798159,0.00218,0.154293700870887,0.0418057667220279,0.806125,0.337625,0.412579521926244,0.142229093070791,0.0480200975480257,0.0198121088892161
416,0.178735620253275,0.0024548,0.168238921605946,0.0471358476078546,0.8063,0.3387,0.412933869128922,0.144114530610215,0.0488115915176799,0.020155959343736
417,0.181392562105791,0.002764,0.182613078819845,0.0528161248986541,0.806475,0.339775,0.413297901125782,0.146288566524268,0.0497051976907831,0.0205430538806427
418,0.184453403324238,0.0031178,0.197340370438758,0.0588277152212756,0.80665,0.34085,0.413671865702018,0.148789337791497,0.0507148457862317,0.0209793048751806
419,0.187968962445799,0.0035264,0.212341316496807,0.0651477247354488,0.806825,0.341925,0.414056016018923,0.151658058125332,0.0518556815245041,0.0214711568999822
420,0.19199364418998,0.004,0.227534427680145,0.0717498244973286,0.807,0.343,0.414450610674522,0.154938870861314,0.0531440327054307,0.0220255768084725
421,0.19658513742005,0.00454624,0.242837862176619,0.0786049042882441,0.807175,0.344075,0.414855913761287,0.158678608297029,0.0545973421498002,0.022650030266493
422,0.201803983999197,0.00515932,0.258171012002856,0.0856817752474233,0.80735,0.34515,0.415272194920627,0.162926446481752,0.0562340630031766,0.023352442772634
423,0.207713006658615,0.00582928,0.273455967525041,0.0929478917041409,0.807525,0.346225,0.415699729393867,0.167733445701998,0.0580735122381742,0.0241411433223604
424,0.214376586275163,0.00654616,0.288618818491786,0.100370064326563,0.8077,0.3473,0.41613879806939,0.173151968734449,0.0601356787414742,0.025024789072564
425,0.221859781982534,0.0073,0.30359076072481,0.107915139780223,0.807875,0.348375,0.416589687525617,0.17923497136914,0.0624409831507241,0.0260122696595525
426,0.230227291320631,0.008086507,0.31830898884952,0.115550626147401,0.80805,0.34945,0.417052690069469,0.186035162751636,0.0650099876235591,0.0271125902197882
427,0.239542252139778,0.00890872,0.332717366358555,0.123245248009803,0.808225,0.350525,0.417528103769957,0.193604036735672,0.0678630549767714,0.0283347326604877
428,0.249864893159779,0.00976768,0.346766874281463,0.130969419968346,0.8084,0.3516,0.418016232486512,0.201990779630365,0.0710199581180364,0.0296874953238514
429,0.261251045839517,0.01066443,0.360415848334067,0.138695632137681,0.808575,0.352675,0.418517385891659,0.211241064389688,0.074499442383633,0.0311793118767844
430,0.273750536400858,0.0116,0.373630021357619,0.146398745544906,0.80875,0.35375,0.419031879487635,0.221395746314194,0.0783187452586461,0.0328180510248438
431,0.287405483290587,0.01257317,0.386382393004261,0.154056199189263,0.808925,0.354825,0.419560034616492,0.232489480570838,0.0824930799435476,0.0346107994767359
432,0.302248531837816,0.01358272,0.398652951992514,0.161648133662764,0.8091,0.3559,0.420102178463276,0.244549287109977,0.0870350912824407,0.0365636314505035
433,0.318301064120805,0.01462968,0.410428277966451,0.169157438638432,0.809275,0.356975,0.42065864405178,0.257593093666365,0.0919542946115505,0.0386813688860327
434,0.335571427820319,0.01571509,0.421701050246007,0.17656973320752,0.80945,0.35805,0.421229770232413,0.271628292249157,0.0972565100398106,0.0409673373776758
435,0.354053232814883,0.01684,0.432469489804186,0.183873289038883,0.809625,0.359125,0.421815901661681,0.28665034861775,0.102943306447349,0.0434231236291234
436,0.373723768171725,0.01800736,0.4427367589219,0.191058906723011,0.8098,0.3602,0.422417388772756,0.302641507465463,0.10901147098906,0.0460483409214757
437,0.394542594720959,0.01921448,0.452510340423204,0.198119755548984,0.809975,0.361275,0.423034587736608,0.319569638159109,0.115452521025932,0.0488404096353572
438,0.4164503693103,0.02045392,0.461801415434611,0.205051186451832,0.81015,0.36235,0.423667860413148,0.337387266696739,0.122252276087564,0.0517943602406555
439,0.439367955904019,0.02171824,0.47062425546245,0.21185052706597,0.810325,0.363425,0.424317574291813,0.356030838867924,0.129390507615575,0.0549026663278273
440,0.463195875749489,0.023,0.47899564142487,0.218516866825879,0.8105,0.3645,0.424984102421015,0.37542025729496,0.136840683784013,0.0581551151726267
441,0.487814143793088,0.02429461,0.486934319252903,0.225050838954062,0.810675,0.365575,0.425667823325853,0.395458731019461,0.14456982559244,0.0615387229785319
442,0.513082531371062,0.02561024,0.494460498891511,0.231454405040498,0.81085,0.36665,0.42636912091348,0.416032970562226,0.15253848865664,0.0650377013140024
443,0.538841286006252,0.02695857,0.501595401054731,0.237730646804209,0.811025,0.367725,0.427088384365496,0.437013753983221,0.16070088268348,0.0686334803513965
444,0.564912328079165,0.02835125,0.508360853955805,0.243883568578421,0.8112,0.3688,0.42782600801673,0.458256880537819,0.169005137542347,0.0723047933290609
445,0.591100931477234,0.0298,0.514778940455253,0.249917913105177,0.811375,0.369875,0.428582391219758,0.479604518277341,0.177393721197831,0.0760278252183376
446,0.617197881415619,0.03131083,0.520871694639417,0.255838992380621,0.81155,0.37095,0.429357938194501,0.500886940662846,0.185804010638883,0.0797764269161797
447,0.642982087904152,0.03288368,0.526660845737138,0.261652534566679,0.811725,0.372025,0.430153057862231,0.521924635303998,0.19416901244897,0.0835223944470139
448,0.668223618312722,0.03452112,0.532167606471479,0.267364547379008,0.8119,0.3731,0.430968163663303,0.542530755708099,0.202418224954692,0.087235810700709
449,0.692687097714554,0.03622571,0.537412502390324,0.272981197870259,0.812075,0.374175,0.43180367335794,0.562513874876546,0.210478629131932,0.0908854452225115
450,0.716135411742476,0.038,0.542415238385398,0.278508708143011,0.81225,0.37525,0.432660008809368,0.581680988187826,0.218275790817482,0.0944392055779633
451,0.738333634156872,0.03984667,0.547194598455567,0.283953266237464,0.812425,0.376325,0.433537595748633,0.599840702729897,0.225735052454829,0.097864631917458
452,0.759053090748889,0.041768,0.551768374760815,0.289320951232777,0.8126,0.3774,0.434436863520394,0.616806541542547,0.232782788778157,0.101129424638313
453,0.778075463088551,0.043766,0.556153322115276,0.294617671465488,0.812775,0.378475,0.435358244809015,0.632400284511797,0.239347697680602,0.104201993561306
454,0.795196830395537,0.04584267,0.560365134251831,0.299849114691581,0.81295,0.37955,0.436302175344277,0.646455263270052,0.245362095174148,0.10705201587151
455,0.810231545778948,0.048,0.564418438432384,0.305020708989311,0.813125,0.380625,0.437269093586042,0.658819525661507,0.250763181954911,0.109650989278176
456,0.82301584445892,0.05024368,0.56832680525598,0.310137593207558,0.8133,0.3817,0.438259440387204,0.66935878629844,0.255494248730114,0.111972766470609
457,0.83341108640984,0.05257304,0.572102770814755,0.315204595800427,0.813475,0.382775,0.439273658634303,0.677959083517245,0.259505788193313,0.113994057016455
458,0.841306544072536,0.05498056,0.575757868651796,0.320226220945314,0.81365,0.38385,0.440312192865155,0.684529069584619,0.262756483360056,0.115694883377803
459,0.846621657148682,0.05745872,0.579302669275305,0.325206640912263,0.813825,0.384925,0.441375488862924,0.689001870129026,0.265214044859415,0.117058978703138
460,0.849307690656264,0.06,0.582746825272367,0.330149693731942,0.814,0.386,0.442463993226057,0.691336460194199,0.266855873634961,0.118074115464353
461,0.849348748908999,0.06260197,0.586099120337942,0.335058885293667,0.814175,0.387075,0.443578152913539,0.691518517642984,0.267669530216658,0.11873235580474
462,0.846762116301177,0.06527752,0.589367520787057,0.339937395090346,0.81435,0.38815,0.444718414764977,0.689560729409863,0.267652997120438,0.119030216586496
463,0.841597915070865,0.06804208,0.592559228348528,0.344788084911467,0.814525,0.389225,0.445885224995055,0.685502541773096,0.266814726821633,0.118968744500858
464,0.833938089868991,0.07091109,0.595680733246195,0.349613509866489,0.8147,0.3903,0.447079028661946,0.679409361816267,0.265173473916889,0.118553499145677
465,0.823894748253317,0.0739,0.598737866758644,0.354415931197883,0.814875,0.391375,0.448300269109322,0.671371232982922,0.262757916308691,0.117794444591791
466,0.811607904444856,0.077016,0.601735852611416,0.359197330414826,0.81505,0.39245,0.449549387381675,0.66150102251778,0.259606076287103,0.116705752555427
467,0.79724269016838,0.0802664,0.604679356697858,0.363959424344654,0.815225,0.393525,0.450826821612709,0.649932172092518,0.255764558022708,0.115305522774557
468,0.780986110564261,0.0836668,0.607572534747583,0.368703680759344,0.8154,0.3946,0.452133006386637,0.636816074554098,0.251287623019047,0.113615428463354
469,0.763043434524751,0.0872328,0.610419077666422,0.373431334288685,0.815575,0.395675,0.453468372072311,0.622319149112524,0.246236129325098,0.111660296710439
470,0.743634317015475,0.09098,0.613222254360545,0.378143402380321,0.81575,0.39675,0.454833344130174,0.606619694105374,0.240676363636307,0.109467635325791
471,0.722988755769795,0.09491755,0.615984951931666,0.382840701109984,0.815925,0.397825,0.456228342392126,0.58990460055147,0.234678797714389,0.107067118875812
472,0.701342986110241,0.09904584,0.618709713191635,0.387523860683121,0.8161,0.3989,0.457653780314494,0.572366010964568,0.228316801773766,0.104490047441079
473,0.678935415619842,0.1033674,0.621398771494701,0.392193340502238,0.816275,0.399975,0.459110064204396,0.554198006385086,0.221665347603875,0.101768791970305
474,0.656002695154265,0.1078846,0.624054082925849,0.396849443702964,0.81645,0.40105,0.4605975924199,0.5355934004587,0.214799733253962,0.0989362399892115
475,0.632776014571799,0.1126,0.626677355915097,0.401492331086505,0.816625,0.402125,0.462116754544489,0.516740712899695,0.20779435917479,0.0960252548745058
476,0.609477700983101,0.117532,0.62927007837177,0.406122034397171,0.8168,0.4032,0.46366793053649,0.497821386162997,0.20072158290092,0.0930681609576782
477,0.586318184786291,0.1226744,0.63183354245062,0.410738468911442,0.816975,0.404275,0.465251489854224,0.47900729901578,0.193650675809604,0.0900962654316959
478,0.563493384808584,0.1279928,0.634368867074178,0.415341445319881,0.81715,0.40535,0.466867790557801,0.460458619396334,0.186646901372304,0.0871394264581475
479,0.541182549102899,0.1334528,0.63687701834387,0.419930680895521,0.817325,0.406425,0.468517178388594,0.442322026945527,0.179770729801336,0.0842256750833801
480,0.519546572925562,0.13902,0.639358827976801,0.424505809952395,0.8175,0.4075,0.47019998582761,0.424729323366647,0.173077199271909,0.0813808966447339
481,0.498726800702524,0.1446764,0.641815009906604,0.429066393605941,0.817675,0.408575,0.471916531134106,0.407796436764436,0.166615429151029,0.0786285753583742
482,0.478844304881041,0.1504693,0.644246175185752,0.433611928853406,0.81785,0.40965,0.473667117365954,0.391622814746959,0.160428286061092,0.075989603802518
483,0.459999621899187,0.1564619,0.646652845323815,0.438141856997254,0.818025,0.410725,0.475452031383451,0.376291190704083,0.154552199301934,0.0734821571128847
484,0.442272914443131,0.1627177,0.649035464191833,0.442655571438251,0.8182,0.4118,0.477271542838395,0.36186769859737,0.149017118282397,0.0711216299519712
485,0.425724519967495,0.1693,0.651394408617456,0.447152424867435,0.818375,0.412875,0.47912590315045,0.348402304028399,0.143846601275725,0.0689206327513545
486,0.41039583829795,0.1762431,0.653729997789244,0.45163173588791,0.81855,0.41395,0.481015344472994,0.335929513438787,0.139058022087986,0.0668890423963858
487,0.396310506093674,0.1835581,0.65604250158173,0.456092795098275,0.818725,0.415025,0.482940078650786,0.324469319101544,0.134662879160118,0.0650341014529287
488,0.383475803006942,0.1912735,0.658332147905708,0.460534870669877,0.8189,0.4161,0.484900296172001,0.314028335082384,0.13066719022778,0.0633605592414138
489,0.37188423344362,0.199418,0.660599129180946,0.464957213449823,0.819075,0.417175,0.486896165117337,0.304601078507833,0.127071954926505,0.0618708475476785
490,0.361515228738061,0.20802,0.662843608021274,0.469359061621173,0.81925,0.41825,0.488927830109062,0.296171351143656,0.123873667615834,0.060565283515061
491,0.352336917089715,0.2171199,0.665065722214857,0.473739644950778,0.819425,0.419325,0.490995411263052,0.28871367828624,0.121064863147378,0.0594422922705518
492,0.344307912507237,0.2267345,0.667265589075502,0.478098188654137,0.8196,0.4204,0.493099003147037,0.282194765090932,0.118634679244228,0.0584986420739972
493,0.337379078984123,0.2368571,0.669443309234247,0.482433916905328,0.819775,0.421475,0.495238673748407,0.27657493447421,0.116569420507517,0.0577296852117633
494,0.331495231893143,0.2474812,0.671598969934082,0.48674605601862,0.81995,0.42255,0.49741446345512,0.271809515390783,0.114853110728375,0.0571295984491063
495,0.326596744843351,0.2586,0.673732647884737,0.491033837326922,0.820125,0.423625,0.499626384053361,0.267850155364654,0.113468022066351,0.0566916175706981
496,0.322621036717207,0.2701849,0.675844411728837,0.495296499780636,0.8203,0.4247,0.501874417745759,0.264646036419125,0.112395171667202,0.0564082613379117
497,0.319503920045327,0.2822939,0.677934324165548,0.499533292288968,0.820475,0.425775,0.504158516194084,0.26214497879919,0.111614778348225,0.0562715410373727
498,0.317180798064484,0.2950505,0.680002443773017,0.503743475824225,0.82065,0.42685,0.506478599590452,0.260294421931619,0.111106674001511,0.0562731526534384
499,0.315587703560168,0.308578,0.682048826566474,0.507926325308123,0.820825,0.427925,0.508834555761168,0.259042276774775,0.110850666288845,0.0564046495369142
500,0.314662177778455,0.323,0.684073527324856,0.512081131297705,0.821,0.429,0.511226239307409,0.258337647956112,0.110826850973172,0.0566575942372973
501,0.314343992203843,0.3384021,0.686076600715065,0.516207201487103,0.821175,0.430075,0.513653470787013,0.258131427797991,0.111015873810221,0.057023688895073
502,0.31457571978052,0.3546858,0.688058102239705,0.520303862040055,0.82135,0.43115,0.516116035941691,0.25837676744173,0.111399143282502,0.0574948842382654
503,0.315303165180835,0.3716986,0.690018089031062,0.524370458766893,0.821525,0.432225,0.51861368497398,0.259029432775186,0.111958996581255,0.0580634677829937
504,0.316475666005174,0.3892875,0.691956620511417,0.528406358158543,0.8217,0.4333,0.521146131878265,0.260048054756451,0.11267882212597,0.0587221322955485
505,0.318046278367722,0.4073,0.693873758937352,0.532410948289033,0.821875,0.434375,0.523713053830198,0.261394285033471,0.113543142561414,0.0594640259323157
506,0.319971861239639,0.4256299,0.695769569843506,0.536383639597016,0.82205,0.43545,0.526314090638726,0.263032868532045,0.114537662602279,0.0602827857364038
507,0.322213074257638,0.4443096,0.697644122399362,0.540323865555885,0.822225,0.436525,0.528948844264957,0.264931644981487,0.115649286325543,0.0611725563419633
508,0.324734303544774,0.4633944,0.699497489690879,0.544231083241268,0.8224,0.4376,0.531616878411903,0.267061491235222,0.116866108564533,0.0621279958272237
509,0.327503529519265,0.4829395,0.701329748937299,0.548104773803879,0.822575,0.438675,0.534317718189071,0.26939621579431,0.118177384963569,0.0631442706752854
510,0.330492149775069,0.503,0.703140981652136,0.551944442855048,0.82275,0.43975,0.537050849855692,0.271912416227438,0.119573485036016,0.0642170417587992
511,0.3336747689901,0.5235693,0.704931273756129,0.5557496207716,0.822925,0.440825,0.539815720646194,0.274589309271178,0.121045832259467,0.0653424431723625
512,0.337028966533859,0.544512,0.70670071564898,0.559519862926192,0.8231,0.4419,0.542611738681298,0.277408542354019,0.122586834866241,0.0665170556062083
513,0.34053505107686,0.56569,0.708449402245733,0.563254749848708,0.823275,0.442975,0.545438272967922,0.280353994175302,0.124189810569805,0.0677378757974076
514,0.344175810111061,0.5869653,0.710177432982903,0.566953887323833,0.82345,0.44405,0.548294653490731,0.283411570835953,0.125848908029705,0.069002283420334
515,0.347936260924397,0.6082,0.711884911798767,0.570616906429532,0.823625,0.445125,0.551180171397944,0.286569002903856,0.127559027417579,0.0703080065953763
516,0.351803408273976,0.6293456,0.71357194709163,0.574243463520758,0.8238,0.4462,0.554094079283643,0.289815647736102,0.129315742019849,0.0716530870113691
517,0.355766012801562,0.6503068,0.71523865165936,0.577833240162412,0.823975,0.447275,0.557035591568488,0.293142300398167,0.13111522241059,0.0730358454791169
518,0.359814373152461,0.6708752,0.716885142623055,0.581385943015236,0.82415,0.44835,0.56000388498037,0.2965410156336,0.132954164359325,0.0744548485655405
519,0.363940123807038,0.6908424,0.718511541337292,0.5849013036781,0.824325,0.449425,0.562998099136134,0.300004942557237,0.134829721308786,0.0759088768039013
520,0.36813604981779,0.71,0.720117973289095,0.588379078489847,0.8245,0.4505,0.566017337225089,0.303528173074768,0.136739441970183,0.0773968948376074
521,0.372395918963209,0.7281852,0.721704567987458,0.591819048293689,0.824675,0.451575,0.56906066679457,0.307105604470985,0.138681213338985,0.0789180237345628
522,0.376714331276911,0.7454636,0.723271458845021,0.595221018166939,0.82485,0.45265,0.572127120637402,0.31073281615376,0.140653209232,0.080471515606314
523,0.3810865854773,0.7619694,0.724818783053269,0.598584817118673,0.825025,0.453725,0.575215697780593,0.31440596018341,0.142653844284218,0.0820567305810302
524,0.385508561497992,0.7778368,0.726346681452455,0.60191029775778,0.8252,0.4548,0.578325364574167,0.318121664948143,0.144681733218415,0.0836731161107626
525,0.389976618089101,0.7932,0.727855298397273,0.605197335933714,0.825375,0.455875,0.581455055878531,0.321876951155292,0.146735655107919,0.0853201885401476
526,0.394487504310849,0.8081104,0.729344781619198,0.608445830352122,0.82555,0.45695,0.584603676348272,0.325669159183821,0.148814522289047,0.0869975168241888
527,0.399038283660216,0.8224962,0.730815282086252,0.611655702167413,0.825725,0.458025,0.587770101809848,0.329495886775331,0.150917353540271,0.088704708255238
528,0.403626269545603,0.8363068,0.732266953860902,0.614826894554237,0.8259,0.4591,0.590953180730079,0.333354936017714,0.153043251125732,0.0904413960420238
529,0.408248970841863,0.8494916,0.733699953956668,0.617959372259721,0.826075,0.460175,0.594151735771935,0.337244268588192,0.155191381297571,0.0922072285747962
530,0.412904046307803,0.862,0.73511444219397,0.621053121138245,0.82625,0.46125,0.597364565433605,0.341161968261823,0.157360957860766,0.0940018602087122
531,0.417589266721136,0.8738108,0.73651058105567,0.62410814767045,0.826425,0.462325,0.600590445766414,0.345106209750015,0.159551228422676,0.0958249434009537
532,0.42230248367384,0.8849624,0.737888535542712,0.627124478468078,0.8266,0.4634,0.603828132166683,0.349075233004796,0.161761462974423,0.0976761220443956
533,0.427041604067529,0.8954936,0.739248473030204,0.630102159766203,0.826775,0.464475,0.60707636123626,0.353067322202931,0.163990944480207,0.0995550258507414
534,0.43180456944839,0.9054432,0.740590563124271,0.633041256904314,0.82695,0.46555,0.610333852706033,0.357080788705346,0.166238961181774,0.101461265647921
535,0.43658933942059,0.9148501,0.741914977519938,0.635941853797665,0.827125,0.466625,0.613599311416373,0.361113957368255,0.168504800356962,0.103394429469385
536,0.441393878472629,0.9237348,0.743221889860294,0.638804052400243,0.8273,0.4677,0.616871429348158,0.365165155660406,0.170787743302372,0.10535407932608
537,0.446216145640919,0.9320924,0.744511475597154,0.641627972160641,0.827475,0.468775,0.620148887697707,0.369232705114219,0.173087061339918,0.107339748564815
538,0.451054086517502,0.9399226,0.745783911853412,0.644413749472083,0.82765,0.46985,0.62343035898871,0.37331491470621,0.175402012674713,0.109350939729138
539,0.455905627183522,0.9472252,0.747039377287246,0.647161537117763,0.827825,0.470925,0.62671450921402,0.377410075823199,0.17773183995704,0.111387122850381
540,0.460768669716575,0.954,0.748278051958346,0.649871503712662,0.828,0.472,0.63,0.381516458525324,0.180075768423953,0.11344773410709
541,0.465641088978459,0.9602561,0.749500117196276,0.652543833142881,0.828175,0.473075,0.63328549078598,0.385632308864735,0.182433004516184,0.115532174800593
542,0.470520730440514,0.9660074,0.75070575547111,0.65517872400357,0.82835,0.47415,0.63656964101129,0.389755847060399,0.184802734883688,0.117639810602814
543,0.47540540884715,0.9712606,0.751895150266434,0.657776389036392,0.828525,0.475225,0.639851112302293,0.393885266365085,0.187184125708348,0.119769971039818
544,0.480292907554986,0.9760225,0.753068485954822,0.660337054567495,0.8287,0.4763,0.643128570651842,0.398018732490817,0.189576322285376,0.121921949180827
545,0.485180978415946,0.9803,0.754225947675852,0.662860959946869,0.828875,0.477375,0.646400688583627,0.402154383484517,0.191978448815921,0.124095001507828
546,0.490067342098393,0.9840924,0.755367721216747,0.665348356989931,0.82905,0.47845,0.649666147293967,0.406290329966673,0.194389608372555,0.126288347945381
547,0.494949688761543,0.9874182,0.756493992895706,0.66779950942216,0.829225,0.479525,0.65292363876374,0.410424655663291,0.196808883006939,0.128501172033918
548,0.49982567901574,0.9903128,0.757604949447968,0.670214692327523,0.8294,0.4806,0.656171867833317,0.414555418175654,0.199235333975219,0.130732621232915
549,0.504692945115182,0.9928116,0.758700777914672,0.672594191601433,0.829575,0.481675,0.659409554233586,0.418680649943928,0.201668002061741,0.132981807342711
550,0.509549092340975,0.9949501,0.759781665534534,0.674938303408895,0.82975,0.48275,0.662635434566395,0.422798359369924,0.204105907985831,0.13524780703576
551,0.514391700541326,0.9967108,0.7608477996384,0.677247333648499,0.829925,0.483825,0.665848264228065,0.42690653207176,0.206548052879619,0.137529662489581
552,0.51921832580284,0.9980983,0.761899367546676,0.679521597422843,0.8301,0.4849,0.669046819269921,0.431003132248937,0.20899341882751,0.139826382114892
553,0.524026502232396,0.999112,0.762936556469672,0.68176141851595,0.830275,0.485975,0.672229898190152,0.435086104141003,0.211440969459924,0.142136941373272
554,0.528813743833438,0.9997482,0.763959553410873,0.683967128878209,0.83045,0.48705,0.675396323651728,0.439153373566479,0.213889650595554,0.14446028367939
555,0.533577546463829,1,0.764968545073148,0.686139068119314,0.830625,0.488125,0.67854494412147,0.443202849531518,0.216338390927572,0.146795321383278
556,0.538315389864988,0.9998567,0.765963717767893,0.688277583009648,0.8308,0.4892,0.681674635425833,0.447232425899832,0.218786102750198,0.14914093682848
557,0.543024739753945,0.9993046,0.766945257327132,0.69038302699054,0.830975,0.490275,0.684784302219408,0.451239983117035,0.221231682722704,0.151495983482092
558,0.547703049971406,0.9983255,0.767913349018545,0.692455759693751,0.83115,0.49135,0.687872879362598,0.455223389983734,0.223674012668508,0.153859287132873
559,0.552347764679983,0.9968987,0.768868177463442,0.694496146470563,0.831325,0.492425,0.69093933320543,0.459180505472587,0.226111960407339,0.156229647153619
560,0.556956320607546,0.995,0.769809926557652,0.696504557930747,0.8315,0.4935,0.693982662774912,0.463109180585174,0.228544380618783,0.158605837824066
561,0.561526149331206,0.9926005,0.770738779395322,0.698481369491726,0.831675,0.494575,0.697001900863866,0.46700726024503,0.230970115735686,0.16098660971052
562,0.566054679597841,0.9897426,0.771654918195618,0.700426960938161,0.83185,0.49565,0.69999611501963,0.470872585223464,0.23338799686601,0.163370691098421
563,0.57053933967736,0.9864444,0.772558524232283,0.702341715992187,0.832025,0.496725,0.702964408431512,0.474702994095055,0.235796844741866,0.165756789473983
564,0.574977559745065,0.9827241,0.773449777766049,0.70422602189449,0.8322,0.4978,0.705905920716357,0.478496325219843,0.238195470694438,0.168143593051023
565,0.579366774289621,0.9786,0.774328857979872,0.706080268996395,0.832375,0.498875,0.708819828602056,0.482250418749324,0.240582677653569,0.170529772339026
566,0.583704424543174,0.9740837,0.775195942916955,0.707904850363086,0.83255,0.49995,0.711705346509269,0.485963118653419,0.242957261170777,0.172913981748491
567,0.58798796093021,0.9691712,0.776051209421529,0.709700161388094,0.832725,0.501025,0.714561727032078,0.489632274765609,0.245318010464439,0.175294861229543
568,0.592214845531764,0.9638568,0.776894833082368,0.711466599419118,0.8329,0.5021,0.717388261318702,0.493255744843406,0.247663709485874,0.177671037939811
569,0.596382554561569,0.9581349,0.777726988178985,0.713204563395255,0.833075,0.503175,0.720184279353807,0.496831396641379,0.249993138005026,0.180041127937546
570,0.600488580850719,0.952,0.778547847630488,0.714914453495676,0.83325,0.50425,0.722949150144308,0.500357109993862,0.252305072714405,0.182403737895977
571,0.604530436337415,0.9454504,0.779357582947041,0.716596670799772,0.833425,0.505325,0.725682281810929,0.50383077890451,0.254598288349922,0.184757466834928
572,0.608505654558319,0.9384992,0.780156364183903,0.718251616958765,0.8336,0.5064,0.728383121588097,0.507250313639815,0.256871558827202,0.187100907865758
573,0.612411793138039,0.9311628,0.780944359897986,0.719879693878761,0.833775,0.507475,0.731051155735043,0.510613642823669,0.259123658391941,0.189432649945721
574,0.616246436273238,0.9234576,0.781721737106906,0.721481303415219,0.83395,0.50855,0.733685909361274,0.513918715530067,0.261353362782815,0.191751279637937
575,0.620007197207833,0.9154,0.782488661250464,0.723056847078765,0.834125,0.509625,0.736286946169802,0.517163503370983,0.263559450405437,0.194055382873211
576,0.623691720695766,0.9070064,0.783245296154517,0.724606725752293,0.8343,0.5107,0.738853868121735,0.520346002576477,0.265740703515807,0.196343546710045
577,0.627297685447792,0.8982772,0.783991803997195,0.72613133941925,0.834475,0.511775,0.74138631502602,0.523464236064047,0.267895909411677,0.198614361089268
578,0.630822806558746,0.8892048,0.784728345277408,0.727631086903019,0.83465,0.51285,0.743883964058309,0.526516255494257,0.27002386163023,0.200866420579828
579,0.634264837911744,0.8797816,0.785455078785596,0.729106365617272,0.834825,0.513925,0.746346529212987,0.529500143309671,0.272123361150423,0.20309832611239
580,0.6376215745558,0.87,0.78617216157667,0.730557571327174,0.835,0.515,0.748773760692591,0.532414014754093,0.274193217598358,0.205308686697524
581,0.640890855053334,0.8598613,0.786879748945098,0.731985097921282,0.835175,0.516075,0.751165444238832,0.535256019869169,0.276232250453981,0.207496121125357
582,0.644070563794094,0.849392,0.787577994402071,0.733389337194016,0.83535,0.51715,0.753521400409548,0.538024345465397,0.27823929025743,0.209659259643737
583,0.647158633272017,0.838622,0.788267049654716,0.734770678638506,0.835525,0.518225,0.755841483805916,0.540717217064602,0.280213179813303,0.211796745612061
584,0.650153046321627,0.8275813,0.788947064587284,0.736129509249682,0.8357,0.5193,0.758125582254241,0.543332900810984,0.282152775391144,0.213907237128061
585,0.65305183831057,0.8163,0.789618187244273,0.737466213337388,0.835875,0.520375,0.760373615946639,0.545869705347848,0.284056947920386,0.21598940862499
586,0.65585309928497,0.8047947,0.790280563815428,0.738781172349378,0.83605,0.52145,0.76258553654488,0.548325983657199,0.285924584178046,0.218041952436787
587,0.65855497606432,0.793082,0.790934338622562,0.740074764703955,0.836225,0.522525,0.764761326251593,0.550700134859386,0.287754587967401,0.22006358032893
588,0.661155674282702,0.781192,0.791579654108153,0.741347365632099,0.8364,0.5236,0.766900996852963,0.552990605970052,0.289545881285919,0.222053024992841
589,0.663653460373193,0.7691547,0.792216650825654,0.742599347028837,0.836575,0.524675,0.769004588736948,0.555195893611704,0.291297405480721,0.224009041501842
590,0.666046663492374,0.757,0.79284546743147,0.74383107731368,0.83675,0.52575,0.771072169890938,0.557314545677244,0.293008122389811,0.225930408726781
591,0.668333677381975,0.7447541,0.793466240678541,0.74504292129989,0.836925,0.526825,0.773103834882663,0.559345162942909,0.294677015467398,0.227815930709623
592,0.670512962164735,0.7324224,0.794079105411497,0.746235240072373,0.8371,0.5279,0.775099703827999,0.5612864006281,0.296303090891574,0.22966443799338
593,0.672583046071677,0.7200036,0.7946841945633,0.74740839087397,0.837275,0.528975,0.777059921349214,0.563136969899663,0.297885378652674,0.231474788906928
594,0.674542527098081,0.7074965,0.795281639153358,0.74856272699993,0.83745,0.53005,0.778984655527006,0.564895639318288,0.299422933620658,0.233245870803374
595,0.676390074585557,0.6949,0.795871568287028,0.749698597700333,0.837625,0.531125,0.78087409684955,0.566561236224727,0.300914836589858,0.234976601250735
596,0.678124430727707,0.6822192,0.796454109156479,0.750816348090243,0.8378,0.5322,0.782728457161605,0.568132648063673,0.302360195299487,0.236665929173849
597,0.679744411997004,0.6694716,0.797029387042852,0.751916319067363,0.837975,0.533275,0.784547968616549,0.569608823643189,0.303758145428322,0.23831283594652
598,0.681248910490606,0.6566744,0.79759752531967,0.752998847236963,0.83815,0.53435,0.786332882634046,0.570988774327702,0.305107851562007,0.239916336433034
599,0.682636895192989,0.6438448,0.79815864545745,0.754064264843856,0.838325,0.535425,0.788083468865894,0.572271575162662,0.306408508131468,0.241475479978271
600,0.683907413153348,0.631,0.798712867029468,0.755112899711192,0.8385,0.5365,0.78980001417239,0.573456365929082,0.307659340320953,0.242989351345756
601,0.685059590575926,0.6181555,0.799260307718622,0.75614507518585,0.838675,0.537575,0.791482821611406,0.574542352126264,0.308859604944277,0.24445707160308
602,0.686092633821485,0.6053144,0.799801083325363,0.757161110090197,0.83885,0.53865,0.793132209442199,0.575528805881153,0.310008591287883,0.245877798954222
603,0.687005830318346,0.5924756,0.800335307776621,0.758161318679993,0.839025,0.539725,0.794748510145776,0.57641506678285,0.311105621919374,0.247250729518397
604,0.687798549381503,0.5796379,0.800863093135707,0.759146010608219,0.8392,0.5408,0.79633206946351,0.577200542640958,0.31215005346023,0.24857509805513
605,0.688470242938524,0.5668,0.801384549613126,0.760115490894618,0.839375,0.541875,0.797883245455511,0.577884710166524,0.313141277321485,0.249850178635351
606,0.689020446161041,0.5539611,0.801899785578266,0.761070059900712,0.83955,0.54295,0.7994024075801,0.578467115574502,0.314078720401176,0.251075285258377
607,0.689448778000831,0.5411372,0.802408907571916,0.762010013310103,0.839725,0.544025,0.800889935795604,0.578947375106748,0.314961845742449,0.252249772414735
608,0.689754941629613,0.5283528,0.802912020319579,0.762935642113832,0.8399,0.5451,0.802346219685506,0.579325175474712,0.315790153151265,0.253373035594825
609,0.689938724781848,0.5156323,0.803409226745517,0.76384723260059,0.840075,0.546175,0.803771657607874,0.579600274221111,0.316563179772715,0.254444511743535
610,0.69,0.503,0.803900627987516,0.764745066351581,0.84025,0.54725,0.805166655869826,0.5797725,0.317280500625,0.255463679660936
611,0.689938724781848,0.4904688,0.804386323412307,0.765629420239825,0.840425,0.548325,0.806531627927689,0.579841752774784,0.317941729090234,0.25643006034929
612,0.689754941629613,0.4780304,0.80486641063161,0.766500566433719,0.8406,0.5494,0.807866993613363,0.579808003933852,0.318546517361258,0.257343217306647
613,0.689448778000831,0.4656776,0.805340985518781,0.767358772404639,0.840775,0.550475,0.809173178387291,0.579671296323649,0.319094556843761,0.25820275676735
614,0.689020446161041,0.4534032,0.805810142225988,0.768204300938415,0.84095,0.55155,0.810450612618325,0.579431744199128,0.319585578513029,0.259008327889866
615,0.688470242938524,0.4412,0.806273973201923,0.769037410150475,0.841125,0.552625,0.811699730890678,0.579089533091666,0.320019353224782,0.259759622892364
616,0.687798549381503,0.42908,0.806732569209971,0.769858353504488,0.8413,0.5537,0.812920971338054,0.578644919594659,0.320395691979563,0.260456377136554
617,0.687005830318346,0.417036,0.807186019346847,0.770667379834313,0.841475,0.554775,0.814114775004945,0.57809823106713,0.320714446140267,0.261098369160319
618,0.686092633821485,0.405032,0.80763441106162,0.771464733369094,0.84165,0.55585,0.815281585235023,0.577449865255853,0.320975507602466,0.261685420659755
619,0.685059590575926,0.393032,0.808077830175137,0.772250653761328,0.841825,0.556925,0.816421847086461,0.576700289836579,0.321178808917237,0.26221739642124
620,0.683907413153348,0.381,0.808516360899774,0.773025376117725,0.842,0.558,0.817536006773943,0.575850041875119,0.321324323366316,0.262694204204238
621,0.682636895192989,0.3689184,0.808950085859523,0.773789131032724,0.842175,0.559075,0.818624511137076,0.574899727209155,0.321412064989458,0.263115794575553
622,0.681248910490606,0.3568272,0.80937908611035,0.774542144624485,0.84235,0.56015,0.819687807134845,0.573850019751762,0.32144208856395,0.263482160695829
623,0.679744411997004,0.3447768,0.809803441160817,0.775284638573219,0.842525,0.561225,0.820726341365697,0.572701660717776,0.321414489536334,0.263793338059078
624,0.678124430727707,0.3328176,0.810223228992934,0.776016830161696,0.8427,0.5623,0.821740559612796,0.571455457774239,0.321329403906454,0.264049404186136
625,0.676390074585557,0.321,0.810638526083216,0.776738932317803,0.842875,0.563375,0.822730906413958,0.570112284116301,0.321187008064021,0.264250478272899
626,0.674542527098081,0.3093381,0.81104940742391,0.777451153658993,0.84305,0.56445,0.823697824655723,0.568673077470037,0.320987518577962,0.264396720794306
627,0.672583046071677,0.2978504,0.811455946544385,0.778153698538505,0.843225,0.565525,0.824641755190985,0.56713883902379,0.320731191938929,0.264488333065015
628,0.670512962164735,0.2865936,0.811858215532635,0.778846767093221,0.8434,0.5666,0.825563136479606,0.565510632289738,0.320418324255365,0.264525556757799
629,0.668333677381975,0.2756245,0.812256285056905,0.779530555293025,0.843575,0.567675,0.826462404251367,0.563789581897499,0.320049250903663,0.26450867338069
630,0.666046663492373,0.265,0.812650224387379,0.780205254991549,0.84375,0.56875,0.827339991190633,0.56197687232169,0.319624346132961,0.264438003713956
631,0.663653460373192,0.2547632,0.813040101417949,0.780871053978199,0.843925,0.569825,0.82819632664206,0.560073746545446,0.319144022625259,0.26431390720801
632,0.661155674282701,0.2448896,0.813425982688003,0.781528136031314,0.8441,0.5709,0.829031836336697,0.558081504662028,0.318608731011552,0.264136781343412
633,0.658554976064317,0.2353344,0.813807933404252,0.782176680972393,0.844275,0.571975,0.82984694213777,0.556001502416702,0.318018959344793,0.263907060954112
634,0.655853099284966,0.2260528,0.814186017462544,0.782816864721243,0.84445,0.57305,0.830642061805499,0.55383514969119,0.317375232530536,0.263625217515164
635,0.653051838310564,0.217,0.814560297469666,0.783448859351974,0.844625,0.574125,0.831417608780242,0.55158390893306,0.316678111716193,0.26329175839612
636,0.650153046321616,0.2081616,0.814930834765113,0.784072833149734,0.8448,0.5752,0.83217399198327,0.549249293532502,0.315928193639895,0.262907226081375
637,0.647158633272,0.1995488,0.815297689442801,0.784688950668085,0.844975,0.576275,0.832911615634504,0.546832866149008,0.31512610994002,0.262472197358758
638,0.644070563794065,0.1911552,0.815660920372719,0.785297372786944,0.84515,0.57735,0.83363087908652,0.544336236990554,0.314272526426497,0.261987282477662
639,0.640890855053287,0.1829744,0.816020585222486,0.785898256770985,0.845325,0.578425,0.834332176674148,0.54176106204792,0.313368142315068,0.261453124278065
640,0.637621574555722,0.175,0.816376740478828,0.786491756328438,0.8455,0.5795,0.835015897578985,0.539109041286863,0.312413689425737,0.260870397291794
641,0.634264837911616,0.1672235,0.816729441468928,0.787078021670191,0.845675,0.580575,0.835682425708187,0.536381916800906,0.311409931346686,0.260239806817419
642,0.630822806558538,0.1596464,0.817078742381664,0.787657199569133,0.84585,0.58165,0.836332139586852,0.533581470927539,0.310357662565003,0.259562087970163
643,0.627297685447454,0.1522776,0.817424696288704,0.78822943341965,0.846025,0.582725,0.836965412263392,0.530709524330682,0.309257707565597,0.258838004708271
644,0.623691720695218,0.1451259,0.817767355165456,0.788794863297223,0.8462,0.5838,0.837582611227244,0.527767934052293,0.308110919899729,0.258068348837243
645,0.620007197206949,0.1382,0.818106769911859,0.789353626018052,0.846375,0.584875,0.838184098338319,0.524758591536032,0.306918181224637,0.257253938993409
646,0.61624643627182,0.1315003,0.818442990373002,0.789905855198647,0.84655,0.58595,0.838770229767587,0.521683420625909,0.305680400315752,0.256395619608291
647,0.612411793135773,0.1250248,0.81877606535957,0.790451681315326,0.846725,0.587025,0.83934135594822,0.518544375542888,0.304398512053064,0.255494259855239
648,0.608505654554712,0.1187792,0.819106042668095,0.790991231763567,0.8469,0.5881,0.839897821536724,0.515343438842386,0.303073476383207,0.254550752579817
649,0.604530436331697,0.1127691,0.819432969101015,0.791524630917157,0.847075,0.589175,0.840439965383508,0.512082619355672,0.301706277258878,0.253566013215439
650,0.600488580841692,0.107,0.819756890486527,0.792052000187095,0.84725,0.59025,0.840968120512365,0.508763950118124,0.300297921557222,0.252540978685747
651,0.596382554547376,0.1014762,0.820077851698226,0.792573458080192,0.847425,0.591325,0.841482614108341,0.50538948628731,0.298849437978844,0.251476606295246
652,0.592214845509542,0.09618864,0.82039589667453,0.793089120257332,0.8476,0.5924,0.841983767513488,0.501961303053888,0.297361875929123,0.250373872609682
653,0.58798796089556,0.09112296,0.820711068437871,0.793599099591349,0.847775,0.593475,0.842471896230043,0.498481493548233,0.295836304383538,0.249233772327687
654,0.583704424489369,0.08626485,0.821023409113666,0.794103506224479,0.84795,0.59455,0.842947309930531,0.494952166745761,0.294273810738692,0.248057317145187
655,0.579366774206416,0.0816,0.821332959949039,0.794602447625353,0.848125,0.595625,0.843410312474383,0.491375445373816,0.29267549965078,0.24684553461406
656,0.574977559616924,0.07712064,0.821639761331312,0.7950960286455,0.8483,0.5967,0.84386120193061,0.487753463823037,0.291042491863206,0.245599466996565
657,0.57053933948083,0.07282552,0.82194385280624,0.795584351575311,0.848475,0.597775,0.844300270606133,0.484088366065997,0.289375923025101,0.244320170116993
658,0.566054679297665,0.06871008,0.822245273096006,0.796067516199464,0.84865,0.59885,0.844727805079373,0.480382303585963,0.287676942502454,0.243008712212043
659,0.561526148874613,0.06476976,0.822544060116956,0.796545619851749,0.848825,0.599925,0.845144086238713,0.476637433318493,0.285946712183597,0.24166617278137
660,0.556956319915895,0.061,0.822840250997075,0.79701875746929,0.849,0.601,0.845549389325478,0.472855915608595,0.284186405280765,0.240293641439754
661,0.552347763636585,0.05739621,0.823133882093208,0.797487021646138,0.849175,0.602075,0.845943983981077,0.469039912186097,0.282397205129444,0.238892216772324
662,0.547703048403866,0.05395504,0.823424989008017,0.797950502686199,0.84935,0.60315,0.846328134297982,0.465191584161824,0.280580303987204,0.237463005194251
663,0.543024737408676,0.05067376,0.823713606606673,0.798409288655494,0.849525,0.604225,0.846702098874218,0.461313090047105,0.278736901833712,0.236007119816301
664,0.538315386370592,0.04754965,0.823999769033281,0.79886346543372,0.8497,0.6053,0.847066130871078,0.457406583799092,0.27686820517359,0.234525679317613
665,0.533577541278731,0.04458,0.824283509727043,0.799313116765109,0.849875,0.606375,0.847420478073756,0.453474212894262,0.274975425843758,0.233019806827052
666,0.52881373617135,0.04175872,0.82456486143814,0.799758324308555,0.85005,0.60745,0.847765382954642,0.449518116432456,0.273059779826896,0.231490628814458
667,0.524026490956716,0.03908496,0.824843856243363,0.800199167687007,0.850225,0.608525,0.84810108273901,0.445540423273674,0.271122486072612,0.229939273993075
668,0.519218309277753,0.03656384,0.825120525561453,0.80063572453611,0.8504,0.6096,0.848427809472859,0.441543250209802,0.269164765327895,0.228366872234422
669,0.514391676422835,0.03420048,0.825394900168192,0.801068070552093,0.850575,0.610675,0.848745790092666,0.437528700173353,0.267187838978363,0.226774553496842
670,0.509549057285012,0.032,0.825667010211206,0.801496279538874,0.85075,0.61175,0.849055246496844,0.433498860485224,0.265192927901836,0.225163446768913
671,0.504692894371839,0.02996261,0.82593688522451,0.801920423454409,0.850925,0.612825,0.849356395618682,0.429455801143357,0.263181251335678,0.223534679028886
672,0.499825605867876,0.02807664,0.82620455414278,0.802340572456239,0.8511,0.6139,0.849649449500578,0.425401573154149,0.261154025759332,0.221889374221276
673,0.494949583751797,0.02632936,0.826470045315357,0.802756794946263,0.851275,0.614975,0.84993461536938,0.421338206908311,0.259112463793438,0.220228652251688
674,0.490067191969954,0.02470805,0.826733386519982,0.803169157614714,0.85145,0.61605,0.850212095712662,0.417267710602818,0.257057773116866,0.21855362800092
675,0.485180764668113,0.0232,0.826994604976267,0.803577725483336,0.851625,0.617125,0.85048208835576,0.413192068710481,0.254991155402956,0.216865410359354
676,0.480292604482948,0.02180077,0.827253727358904,0.80398256194778,0.8518,0.6182,0.850744786539424,0.409113240498575,0.252913805276219,0.215165101282591
677,0.475404980894805,0.02050112,0.827510779810606,0.80438372881918,0.851975,0.619275,0.851000378997944,0.405033158597851,0.250826909290685,0.213453794869256
678,0.470520128643057,0.01928108,0.827765787954787,0.804781286364958,0.85215,0.62035,0.851249050037601,0.400953727623181,0.24873164493104,0.211732576461838
679,0.465640246205331,0.01812069,0.828018776907989,0.805175293348806,0.852325,0.621425,0.851490979615323,0.396876822846959,0.246629179637671,0.210002521771404
680,0.460767494341693,0.017,0.828269771292046,0.805565807069897,0.8525,0.6225,0.851726343417438,0.392804288926293,0.244520669856617,0.208264696026959
681,0.455903994704809,0.01590379,0.828518795245993,0.805952883401292,0.852675,0.623575,0.851955312938392,0.388737938684923,0.242407260115451,0.206520153150197
682,0.451051828516955,0.01483718,0.828765872437727,0.806336576827557,0.85285,0.62465,0.852178055559349,0.384679551950685,0.240290082125995,0.204769934956327
683,0.446213035314614,0.01381068,0.829011026075413,0.806716940481604,0.853025,0.625725,0.85239473462656,0.380630874449249,0.238170253914756,0.203015070381609
684,0.441389611761324,0.01283478,0.829254278918649,0.807094026180744,0.8532,0.6268,0.852605509529431,0.376593616754762,0.236048878981885,0.201256574738201
685,0.436583510529263,0.01192,0.829495653289379,0.807467884461973,0.853375,0.627875,0.852810535778193,0.37256945329791,0.233927045489425,0.199495448996846
686,0.431796639249983,0.01106831,0.829735171082569,0.807838564616481,0.85355,0.62895,0.8530099650811,0.368560021431823,0.231805825479545,0.197732679097902
687,0.427030859534569,0.01027339,0.829972853776644,0.808206114723405,0.853725,0.630025,0.853203945421094,0.36456692055615,0.229686274123388,0.195969235291146
688,0.422287986063377,0.009533311,0.830208722443687,0.808570581682825,0.8539,0.6311,0.853392621131864,0.360591711299518,0.227569429001126,0.194206071504752
689,0.417569785745408,0.008846157,0.830442797759409,0.808932011248012,0.854075,0.632175,0.85357613297324,0.356635914760509,0.225456309413725,0.192444124743786
690,0.412877976947246,0.00821,0.830675100012883,0.809290448056932,0.85425,0.63325,0.853754618205878,0.352701011807185,0.2233479157269,0.190684314518498
691,0.408214228791394,0.007623781,0.830905649116063,0.809645935663026,0.854425,0.634325,0.85392821066517,0.348788442435087,0.221245228747636,0.188927542302675
692,0.403580160523706,0.007085424,0.831134464613067,0.809998516565257,0.8546,0.6354,0.854097040834355,0.344899605183559,0.219149209133634,0.187174691022226
693,0.398977340949551,0.006591476,0.831361565689248,0.810348232237453,0.854775,0.636475,0.854261235916773,0.341035856610153,0.217060796835947,0.185426624574156
694,0.394407287938192,0.006138485,0.831586971180051,0.810695123156933,0.85495,0.63755,0.854420919907234,0.337198510822758,0.214980910575049,0.183684187376028
695,0.389871467994808,0.005723,0.831810699579649,0.811039228832445,0.855125,0.638625,0.854576213662468,0.33338883906906,0.212910447350478,0.181948203945954
696,0.385371295899449,0.005343059,0.832032769049378,0.811380587831418,0.8553,0.6397,0.85472723497063,0.329608069382799,0.210850281984177,0.180219478513113
697,0.380908134412166,0.004995796,0.83225319742596,0.811719237806532,0.855475,0.640775,0.854874098619834,0.325857386286247,0.20880126669757,0.178498794658765
698,0.376483294043405,0.004676404,0.83247200222953,0.81205521552163,0.85565,0.64185,0.855016916465682,0.32213793054824,0.206764230722388,0.176786914987655
699,0.372098032888748,0.004380075,0.832689200671456,0.812388556876965,0.855825,0.642925,0.85515579749779,0.318450798997013,0.204739979945154,0.17508458082968
700,0.367753556526904,0.004102,0.832904809661974,0.812719296933811,0.856,0.644,0.85529084790528,0.31479704438703,0.202729296585247,0.173392511971637
701,0.363451017979868,0.003838453,0.833118845817619,0.813047469938435,0.856175,0.645075,0.855422171141224,0.311177675318914,0.200732938906348,0.171711406418827
702,0.359191517734016,0.003589099,0.833331325468485,0.813373109345444,0.85635,0.64615,0.855549867986033,0.307593656211525,0.198751640961077,0.170041940186257
703,0.354976103820864,0.003354219,0.833542264665279,0.813696247840522,0.856525,0.647225,0.855674036609787,0.304045907325166,0.196786112368531,0.168384767119128
704,0.350805771956155,0.003134093,0.833751679186216,0.814016917362568,0.8567,0.6483,0.855794772633483,0.300535304834838,0.194837038124426,0.166740518742274
705,0.346681465735849,0.002929,0.833959584543718,0.814335149125235,0.856875,0.649375,0.85591216918922,0.297062680952405,0.192905078443468,0.165109804138165
706,0.34260407688755,0.002738139,0.834165995990954,0.814650973637895,0.85705,0.65045,0.856026316979285,0.293628824096474,0.190990868633552,0.163493209853054
707,0.338574445575841,0.002559876,0.834370928528199,0.814964420726037,0.857225,0.651525,0.856137304334179,0.29023447910875,0.189095019001328,0.161891299830818
708,0.334593360759938,0.002393244,0.834574396909031,0.815275519551104,0.8574,0.6526,0.856245217269546,0.286880347515571,0.187218114788661,0.160304615374012
709,0.330661560602028,0.002237275,0.834776415646366,0.815584298629783,0.857575,0.653675,0.856350139542032,0.283567087833284,0.185360716139422,0.158733675131605
710,0.326779732924624,0.002091,0.834976999018331,0.815890785852765,0.85775,0.65475,0.85645215270406,0.280295315916097,0.183523358096064,0.157178975112852
711,0.322948515715204,0.001953587,0.835176161073981,0.816195008502972,0.857925,0.655825,0.856551336157546,0.277065605344966,0.181706550625362,0.155640988726733
712,0.31916849767638,0.00182458,0.835373915638861,0.816496993273285,0.8581,0.6569,0.856647767206535,0.273878487856101,0.179910778672673,0.154120166846334
713,0.31544021881982,0.00170358,0.835570276320424,0.816796766283752,0.858275,0.657975,0.856741521108785,0.270734453807581,0.178136502244043,0.15261693789756
714,0.311764171102083,0.001590187,0.835765256513298,0.817094353098321,0.85845,0.65905,0.856832671126303,0.267633952682583,0.176384156515456,0.151131707971498
715,0.308140799100538,0.001484,0.835958869404412,0.817389778741081,0.858625,0.660125,0.856921288574829,0.264577393627699,0.174654151968485,0.149664860959778
716,0.304570500727496,0.001384496,0.836151127977983,0.817683067712044,0.8588,0.6612,0.857007442872292,0.261565146024774,0.17294687455158,0.148216758712205
717,0.301053627980677,0.001291268,0.836342045020362,0.817974244002458,0.858975,0.662275,0.857091201586244,0.258597540094702,0.171262685866219,0.146787741215965
718,0.297590487728105,0.001204092,0.836531633124757,0.81826333110968,0.85915,0.66335,0.857172630480276,0.255674867531602,0.169601923377088,0.145378126795653
719,0.294181342525545,0.001122744,0.836719904695817,0.818550352051604,0.859325,0.664425,0.857251793559437,0.252797382165764,0.167964900645488,0.143988212333377
720,0.290826411464548,0.001047,0.836906871954092,0.818835329380672,0.8595,0.6655,0.857328753114665,0.249965300653779,0.16635190758509,0.142618273508171
721,0.287525871049208,0.000977,0.837092546940367,0.819118285197458,0.859675,0.666575,0.857403569766236,0.247178803194228,0.164763210739192,0.14126856505393
722,0.284279856099713,0.000911,0.837276941519884,0.819399241163848,0.85985,0.66765,0.857476302506253,0.244438034267338,0.163199053578588,0.139939321035088
723,0.281088460680779,0.00085,0.837460067386437,0.819678218515831,0.860025,0.668725,0.857547008740186,0.241743103396987,0.16165965681915,0.138630755139227
724,0.277951739053073,0.000793,0.837641936066353,0.819955238075891,0.8602,0.6698,0.857615744327471,0.239094085933453,0.160145218758227,0.137343060985823
725,0.274869706645733,0.00074,0.83782255892237,0.820230320265029,0.860375,0.670875,0.857682563621194,0.236491023855322,0.158655915628939,0.136076412450297
726,0.271842341048115,0.00069,0.838001947157394,0.820503485114422,0.86055,0.67195,0.857747519506854,0.233933926588955,0.157191901971448,0.134830964002574
727,0.268869583018911,0.000643,0.83818011181816,0.820774752276712,0.860725,0.673025,0.857810663440243,0.231422771843953,0.155753311020276,0.133606851059318
728,0.265951337510802,0.000599,0.838357063798784,0.82104414103696,0.8609,0.6741,0.857872045484446,0.22895750646305,0.154340255106742,0.132404190349012
729,0.263087474708828,0.000558,0.838532813844215,0.821311670323248,0.861075,0.675175,0.857931714345967,0.226538047284904,0.152952826075585,0.131223080289087
730,0.260277831080702,0.00052,0.838707372553594,0.821577358716965,0.86125,0.67625,0.857989717410016,0.224164282018254,0.151591095714844,0.130063601374254
731,0.257522210437302,0.000484,0.838880750383508,0.821841224462757,0.861425,0.677325,0.858046100774953,0.221836070125953,0.150255116198061,0.128925816575234
732,0.254820385001615,0.00045,0.839052957651162,0.822103285478177,0.8616,0.6784,0.85810090928592,0.219553243717391,0.148944920537878,0.127809771747073
733,0.252172096484444,0.000418,0.839224004537454,0.822363559363023,0.861775,0.679475,0.85815418656766,0.217315608447881,0.147660523050124,0.126715496046235
734,0.249577057165215,0.000389,0.839393901089962,0.822622063408384,0.86195,0.68055,0.858205975056551,0.215122944423557,0.146401919827452,0.125643002355669
735,0.247034950976274,0.000361,0.839562657225852,0.822878814605396,0.862125,0.681625,0.858256316031863,0.212975007110421,0.14516908922164,0.124592287717066
736,0.244545434589083,0.000335,0.839730282734694,0.823133829653726,0.8623,0.6827,0.85830524964626,0.210871528246166,0.143961992333657,0.123563333769513
737,0.242108138500777,0.000311,0.839896787281207,0.823387124969775,0.862475,0.683775,0.858352814955546,0.208812216753458,0.142780573510595,0.122556107193787
738,0.239722668119603,0.000289,0.840062180407915,0.823638716694626,0.86265,0.68485,0.858399049947698,0.206796759653376,0.141624760848614,0.12157056016152
739,0.237388604847762,0.000268,0.840226471537738,0.823888620701731,0.862825,0.685925,0.858443991571162,0.204824822977771,0.140494466701027,0.120606630788492
740,0.23510550716027,0.000249,0.8403896699765,0.824136852604353,0.863,0.687,0.85848767576247,0.202896052679313,0.139389588190688,0.119664243591312
741,0.232872911678467,0.000231,0.84055178491537,0.824383427762762,0.863175,0.688075,0.858530137473156,0.201010075538061,0.138310007725851,0.118743309946788
742,0.230690334236876,0.000215,0.84071282543323,0.824628361291209,0.86335,0.68915,0.858571410696001,0.199166500063407,0.137255593518697,0.117843728553264
743,0.228557270942129,0.000199,0.840872800498982,0.824871668064656,0.863525,0.690225,0.858611528490634,0.197364917390302,0.136226200105721,0.116965385893244
744,0.226473199222778,0.000185,0.841031718973778,0.825113362725302,0.8637,0.6913,0.85865052300847,0.195604902168713,0.135221668869231,0.116108156696644
745,0.224437578868799,0.000172,0.841189589613198,0.825353459688886,0.863875,0.692375,0.858688425517031,0.193886013445284,0.134241828559178,0.115271904404008
746,0.222449853059707,0.00016,0.841346421069354,0.825591973150788,0.86405,0.69345,0.858725266423652,0.19220779553624,0.133286495814605,0.114456481629072
747,0.220509449380201,0.000149,0.841502221892948,0.825828917091925,0.864225,0.694525,0.858761075298575,0.190569778890605,0.132355475683997,0.113661730620044
748,0.218615780822356,0.000138,0.84165700053526,0.826064305284458,0.8644,0.6956,0.858795880897464,0.188971480942844,0.131448562143842,0.112887483719026
749,0.216768246773382,0.000129,0.841810765350082,0.826298151297311,0.864575,0.696675,0.858829711183339,0.187412406954097,0.130565538614745,0.112133563818999
750,0.21496623398808,0.00012,0.841963524595601,0.8265304685015,0.86475,0.69775,0.858862593347948,0.185892050841192,0.129706178474442,0.111399784817811
751,0.213209117545121,0.000112,0.842115286436226,0.826761270075293,0.864925,0.698825,0.858894553832593,0.184409895992714,0.128870245567108,0.110685952068658
752,0.211496261786362,0.000104,0.842266058944364,0.826990569009201,0.8651,0.6999,0.858925618348414,0.182965416071382,0.12805749470836,0.109991862826527
753,0.20982702123846,9.73e-05,0.842415850102145,0.827218378110793,0.865275,0.700975,0.858955811896149,0.181558075802108,0.127267672185383,0.109317306690129
754,0.208200741516085,9.08e-05,0.842564667803099,0.827444710009363,0.86545,0.70205,0.858985158785387,0.180187331745095,0.126500516251644,0.108662066038852
755,0.206616760206091,8.48e-05,0.842712519853788,0.827669577160435,0.865625,0.703125,0.859013682653313,0.178852633053397,0.12575575761567,0.108025916464294
756,0.205074407732065,7.91e-05,0.842859413975387,0.827892991850118,0.8658,0.7042,0.859041406482968,0.177553422214422,0.125033119923396,0.107408627195948
757,0.203573008198702,7.39e-05,0.843005357805232,0.828114966199322,0.865975,0.705275,0.859068352621037,0.176289135774871,0.124332320233622,0.106809961520649
758,0.202111880215529,6.89e-05,0.843150358898308,0.828335512167827,0.86615,0.70635,0.859094542795159,0.17505920504868,0.123653069486135,0.106229677195409
759,0.200690337699525,6.43e-05,0.843294424728715,0.828554641558219,0.866325,0.707425,0.859119998130794,0.173863056807541,0.122995072962075,0.105667526853275
760,0.199307690656264,6e-05,0.843437562691077,0.828772366019698,0.8665,0.7085,0.859144739167643,0.172700113953653,0.122358030736163,0.105123258401887
761,0.197963245939209,5.6e-05,0.843579780101924,0.828988697051753,0.866675,0.709575,0.859168785875634,0.171569796174364,0.121741638120424,0.104596615414436
762,0.196656307986888,5.22e-05,0.843721084201031,0.829203646007723,0.86685,0.71065,0.859192157670485,0.170471520578434,0.121145586099064,0.10408733751271
763,0.195386179537678,4.87e-05,0.843861482152721,0.829417224098232,0.867025,0.711725,0.85921487342886,0.169404702313655,0.120569561754186,0.103595160741996
764,0.194152162321994,4.54e-05,0.844000981047133,0.829629442394512,0.8672,0.7128,0.85923695150312,0.168368755165633,0.120013248682063,0.103119817937562
765,0.192953557731722,4.24e-05,0.844139587901456,0.829840311831619,0.867375,0.713875,0.859258409735678,0.167363092137552,0.119476327399695,0.102661039082521
766,0.191789667466766,3.96e-05,0.844277309661132,0.83004984321154,0.86755,0.71495,0.859279265472983,0.166387126010793,0.118958475741416,0.10221855165687
767,0.190659794158631,3.69e-05,0.844414153201023,0.830258047206195,0.867725,0.716025,0.859299535579122,0.165440269886298,0.118459369245336,0.101792080977513
768,0.18956324197099,3.44e-05,0.84455012532655,0.830464934360343,0.8679,0.7171,0.859319236449061,0.164521937706622,0.117978681529419,0.101381350529127
769,0.188499317177243,3.21e-05,0.8446852327748,0.830670515094393,0.868075,0.718175,0.859338384021536,0.163631544758635,0.117516084657033,0.100986082285712
770,0.18746732871508,3e-05,0.844819482215607,0.830874799707117,0.86825,0.71925,0.859356993791595,0.162768508156869,0.117071249491828,0.100605997022723
771,0.18646658871814,2.8e-05,0.844952880252601,0.83107779837828,0.868425,0.720325,0.859375080822803,0.161932247307551,0.116643846041812,0.100240814619665
772,0.185496413024837,2.61e-05,0.845085433424236,0.831279521171177,0.8686,0.7214,0.859392659759122,0.161122184353374,0.116233543792524,0.0998902543530855
773,0.184556121664512,2.44e-05,0.845217148204781,0.831479978035097,0.868775,0.722475,0.859409744836471,0.160337744599087,0.115840012029225,0.0995540351798901
774,0.18364503932106,2.27e-05,0.845348031005297,0.831679178807696,0.86895,0.72355,0.859426349893975,0.159578356918036,0.115462920148045,0.0992318760109335
775,0.182762495774234,2.12e-05,0.845478088174585,0.831877133217298,0.869125,0.724625,0.859442488384908,0.158843454139781,0.115101937956039,0.0989234959748635
776,0.181907826318842,1.98e-05,0.845607326000105,0.832073850885122,0.8693,0.7257,0.859458173387341,0.158132473418969,0.114756735960146,0.0986286146722003
777,0.18108037216209,1.85e-05,0.845735750708883,0.832269341327437,0.869475,0.726775,0.859473417614508,0.157444856585634,0.114426985645024,0.0983469524196549
778,0.180279480799354,1.72e-05,0.845863368468384,0.832463613957642,0.86965,0.72785,0.859488233424884,0.156780050477158,0.1141123597398,0.0980782304847053
779,0.179504506368657,1.61e-05,0.845990185387372,0.83265667808829,0.869825,0.728925,0.859502632831994,0.156137507252117,0.113812532473749,0.0978221713104642
780,0.178754809984197,1.5e-05,0.846116207516744,0.832848542933036,0.87,0.73,0.859516627513952,0.155516684686251,0.113527179820963,0.0975784987308843
