"wavelength_nm","synthetic_incident","illustrative_transmittance","illustrative_reflectance","synthetic_transmitted","synthetic_reflected"
380,0.303210165455022,0.127781954310373,0.184893867567343,0.0387447875086141,0.056061700176713
384,0.312028256802289,0.128711697741278,0.192049361946929,0.0401616866762743,0.0599248276282921
388,0.322174411517442,0.12975086091756,0.19971072136657,0.0418024072599964,0.0643416841299984
392,0.333740213617629,0.130911902492328,0.207874619797664,0.0436905663028796,0.0693761200169558
396,0.346799824122306,0.132208594464972,0.216531776310305,0.0458499173079095,0.0750931819413042
400,0.36140438544969,0.133656134098258,0.22566648381989,0.0483039130053622,0.0815568569015198
404,0.377576371459017,0.135271258460152,0.235256209723645,0.051075230932079,0.0888271860306554
408,0.39530415263292,0.137072359548377,0.245271284369531,0.0541852729406661,0.0969567572328853
412,0.41453708014394,0.139079597267426,0.255674692562976,0.057653650158834,0.105986640521756
416,0.435181412803677,0.141315006700977,0.266421982061075,0.0614976642664925,0.115941894555295
420,0.457097413387143,0.14380259514545,0.277461301223202,0.0657317942793436,0.126826843104157
424,0.480097922625083,0.146568423235859,0.288733575693776,0.0703671955179699,0.138620389882694
428,0.503948678548013,0.149640663204727,0.300172831219606,0.0754112144790706,0.151271701629136
432,0.528370585678345,0.153049625882959,0.311706666503552,0.0808669204656308,0.164696633940327
436,0.553044054404457,0.156827746511006,0.323256876440522,0.086732652773561,0.178775293560787
440,0.577615429196199,0.161009517837044,0.334740222262195,0.093001581750117,0.193351117151209
444,0.601705410380742,0.165631357426609,0.346069341140136,0.0996612838922971,0.208231794930919
448,0.624919254763916,0.170731394725978,0.357153783783225,0.106693335956963,0.223192276397926
452,0.646858423330439,0.176349162388348,0.367901164643596,0.11407294113817,0.237979967302789
456,0.667133237992944,0.182525175919425,0.378218405648807,0.121768611626358,0.252322069629017
460,0.685376022150896,0.189300386113375,0.388013051039629,0.129741945626013,0.265934841464173
464,0.701254139078744,0.19671549036462,0.397194628039347,0.137947551839095,0.278534376932434
468,0.714482313759947,0.204810092119351,0.405676025827308,0.146333188498822,0.289848345570035
472,0.724833631460604,0.213621702834322,0.413374863735677,0.1548401946242,0.299628003636063
476,0.732148651274714,0.223184588148934,0.420214818812013,0.163404295198545,0.307659712838864
480,0.736342153478535,0.233528469737602,0.426126882944406,0.171956856305133,0.313775186642379
484,0.737407151462719,0.244677106472701,0.431050520655589,0.180426648112175,0.31785973657316
488,0.735415935457085,0.256646792769454,0.434934700433043,0.188742141186609,0.319857909581713
492,0.73051806745218,0.269444827582816,0.437738775038249,0.196834314730784,0.319776083989826
496,0.722935404615161,0.283068023303105,0.43943318956491,0.204639895960244,0.317681810699439
500,0.712954381603125,0.297501338104197,0.44,0.21210488253418,0.313699927905375
504,0.700915920407121,0.312716726097362,0.43943318956491,0.219188131899234,0.308005718521325
508,0.687203450847178,0.328672304693106,0.437738775038249,0.225864741982998,0.300815596775901
512,0.672229608632774,0.3453119357287,0.434934700433043,0.23212890741113,0.292375983452917
516,0.656422226485496,0.36256530453134,0.431050520655589,0.237995924446854,0.282951142496474
520,0.640210245388035,0.380348558434413,0.426126882944406,0.243503043928281,0.272810796296277
524,0.624010148525273,0.398565533933645,0.420214818812013,0.248708938026989,0.262218311499405
528,0.60821346341392,0.417109561773765,0.413374863735677,0.253691651189484,0.251420157560933
532,0.593175793699957,0.435865795392362,0.405676025827308,0.258545039128527,0.240637198605158
536,0.579207738310294,0.454713965040755,0.397194628039347,0.263373847269362,0.230058202175669
540,0.566567940122925,0.473531422750421,0.388013051039629,0.268287722771184,0.219835755068334
544,0.555458387287193,0.49219631694384,0.378218405648807,0.273394572438322,0.21008458564402
548,0.546021975513185,0.510590723490218,0.367901164643596,0.278793755518835,0.200882120712298
552,0.53834223573859,0.528603564053932,0.357153783783225,0.284569624492181,0.192270966464358
556,0.532445043788041,0.546133162109025,0.346069341140136,0.290785895413241,0.184262905497058
560,0.528302060464009,0.563089319298602,0.334740222262195,0.297481247610728,0.176843949141298
564,0.525835603658927,0.579394835594592,0.323256876440522,0.304666433131747,0.169979974760001
568,0.524924628561239,0.594986440837235,0.311706666503552,0.312323036455459,0.163622506134439
572,0.525411486367809,0.609815147646029,0.300172831219606,0.320403883134305,0.157714253418327
576,0.52710914347441,0.623846072168759,0.288733575693776,0.328834968760749,0.15219410777625
580,0.529808568472002,0.637057796793004,0.277461301223202,0.337518679352829,0.147001374807444
584,0.533286029609154,0.649441366448664,0.266421982061075,0.346338007777351,0.142079121013952
588,0.53731008683733,0.660999017588003,0.255674692562976,0.3551614395396,0.13737659126312
592,0.541648106559489,0.671742737580265,0.245271284369531,0.363848181905439,0.13285072677217
596,0.546072170687795,0.681692744051148,0.235256209723645,0.37225343648613,0.128466869111574
600,0.550364292178513,0.69087596087095,0.22566648381989,0.380233459187891,0.124198774635948
604,0.554320885172242,0.699324552219994,0.216531776310305,0.387650204809268,0.120028085912246
608,0.557756468261849,0.707074560294809,0.207874619797664,0.394375409547833,0.11594341377962
612,0.560506603918066,0.714164677181008,0.19971072136657,0.400294017844968,0.111939178199203
616,0.562430095929973,0.720635168153196,0.192049361946929,0.405306906754914,0.108014341063101
620,0.563410480458273,0.726526952680897,0.184893867567343,0.409332899475829,0.104171142759905
624,0.56335685578715,0.731880840882396,0.178242136314296,0.412310089330362,0.100413929482806
628,0.562204102032658,0.736736916980278,0.17208720502908,0.414196516845206,0.0967481325746838
632,0.559912545843932,0.741134057214723,0.166417840398447,0.414970256786738,0.0931794366913437
636,0.556467127335502,0.745109567320442,0.161219140068385,0.414628980477005,0.089713151745354
640,0.551876127767896,0.748698923702806,0.156473130668785,0.413189062877096,0.0863537854532091
644,0.546169517309455,0.751935602506772,0.152159351112655,0.410684305068918,0.0831047993513189
648,0.539396982829074,0.754850981547453,0.148255411159343,0.407164341932261,0.0799685214674336
652,0.531625696174734,0.757474301304452,0.144737516941856,0.402692802765449,0.0769461832068164
656,0.522937883731237,0.759832672668502,0.141580956892936,0.397345289835116,0.0740380459742356
660,0.513428258067879,0.761951120714519,0.138760543208594,0.391207236641324,0.0712435839881412
664,0.503201371974713,0.763852655350347,0.136251005614132,0.384371704158822,0.0685616929579657
668,0.492368953926087,0.765558361182154,0.134027335707518,0.376937169464627,0.0659908990798113
672,0.48104728181062,0.767087500301398,0.132065081518058,0.369005356930891,0.0635295484863598
676,0.469354648491871,0.768457622911606,0.130340593113211,0.360679157482576,0.0611759632648731
680,0.457408968351658,0.769684681768711,0.128831221099888,0.352060676243901,0.0589285559347842
684,0.445325568439343,0.770783147309432,0.127515470693233,0.343249443219039,0.0567858994712742
688,0.433215201308316,0.771766121097979,0.126373114667113,0.334340815514399,0.0547467543104722
692,0.421182309242307,0.772645445845849,0.125385268963629,0.325424593106907,0.0528100571270689
696,0.409323561594836,0.773431810767843,0.124534435035923,0.316583863434237,0.0509748784901049
700,0.397726678662353,0.774134851445402,0.123804513145219,0.307894083302154,0.0492403578166574
704,0.386469547183382,0.774763243690741,0.123180790847514,0.299422399963489,0.0476056244605297
708,0.375619624500897,0.775324791156083,0.122649910807656,0.291227206920284,0.0460697134426402
712,0.365233620924147,0.775826506623741,0.122199821888812,0.283357924223121,0.0446314834247366
716,0.355357443125863,0.776274687055904,0.121819717203998,0.275854987955515,0.0432895432279285
720,0.346026375711837,0.776674982586931,0.121499962502357,0.26875002933061,0.0420421916738147
724,0.33726547354797,0.777032459713779,0.121232017914217,0.262066220487512,0.0408873739310143
728,0.329090134111674,0.777351658988382,0.121008355711502,0.255818761708419,0.0398226560097314
732,0.321506817077475,0.777636647544914,0.120822376367632,0.250015483394963,0.0388452176576942
736,0.314513877521875,0.77789106680931,0.120668324835292,0.244657535711824,0.0379518627380168
740,0.308102479461133,0.778118175741827,0.120541208610742,0.23974013925983,0.0371390452502112
744,0.302257557796947,0.778320889958703,0.120436718826841,0.235253371381264,0.0364029085016787
748,0.296958798986545,0.778501817068388,0.120351155318819,0.231182964605471,0.0357393345401194
752,0.292181613701087,0.778663288543227,0.120281356340369,0.227511096176356,0.0351440007936845
756,0.287898078204726,0.778807388430257,0.120224633374507,0.224217150420713,0.0346124409013883
760,0.284077824989561,0.778935979185973,0.120178711284094,0.221278438773265,0.0341401069116339
764,0.280688867160806,0.779050724900465,0.120141673880243,0.218670865433116,0.0337224303402483
768,0.277698345017919,0.779153112156676,0.120111914851158,0.21636952976147,0.0333548799710999
772,0.275073187078513,0.779244468751251,0.120088093887098,0.214349259532709,0.0330330147157076
776,0.272780681324106,0.779325980484813,0.120069097756179,0.212585071930224,0.0327525302919011
780,0.270788955618716,0.779398706211696,0.120054006027751,0.211052561665643,0.0325092989100977
