Wellenlaenge,Melanopsin,L-cone-opsin,M-cone-opsin,S-cone-opsin,Rhodopsin,V(lambda)
380,9.18165E-04,0.00000E+00,0.00000E+00,0.00000E+00,5.89E-04,3.90E-05
381,1.04557E-03,0.00000E+00,0.00000E+00,0.00000E+00,6.65E-04,4.28E-05
382,1.17858E-03,0.00000E+00,0.00000E+00,0.00000E+00,7.52E-04,4.69E-05
383,1.32279E-03,0.00000E+00,0.00000E+00,0.00000E+00,8.54E-04,5.16E-05
384,1.48381E-03,0.00000E+00,0.00000E+00,0.00000E+00,9.72E-04,5.72E-05
385,1.66724E-03,0.00000E+00,0.00000E+00,0.00000E+00,1.108E-03,6.40E-05
386,1.88102E-03,0.00000E+00,0.00000E+00,0.00000E+00,1.268E-03,7.23E-05
387,2.12989E-03,0.00000E+00,0.00000E+00,0.00000E+00,1.453E-03,8.22E-05
388,2.41457E-03,0.00000E+00,0.00000E+00,0.00000E+00,1.668E-03,9.35E-05
389,2.73583E-03,0.00000E+00,0.00000E+00,0.00000E+00,1.918E-03,1.06E-04
390,3.09442E-03,4.07619E-04,3.58227E-04,6.14265E-03,2.209E-03,1.20E-04
391,3.50706E-03,4.97068E-04,4.38660E-04,7.44280E-03,2.547E-03,1.35E-04
392,3.99078E-03,6.04713E-04,5.36230E-04,9.01661E-03,2.939E-03,1.51E-04
393,4.54679E-03,7.33640E-04,6.54061E-04,1.09170E-02,3.394E-03,1.70E-04
394,5.17625E-03,8.87247E-04,7.95649E-04,1.32053E-02,3.921E-03,1.92E-04
395,5.88035E-03,1.06921E-03,9.64828E-04,1.59515E-02,4.53E-03,2.17E-04
396,6.69334E-03,1.28340E-03,1.16572E-03,1.92347E-02,5.24E-03,2.47E-04
397,7.65102E-03,1.53382E-03,1.40263E-03,2.31436E-02,6.05E-03,2.81E-04
398,8.75694E-03,1.82443E-03,1.67992E-03,2.77750E-02,6.98E-03,3.19E-04
399,1.00146E-02,2.15896E-03,2.00180E-03,3.32339E-02,8.06E-03,3.57E-04
400,1.14277E-02,2.54073E-03,2.37208E-03,3.96308E-02,9.29E-03,3.96E-04
401,1.30767E-02,2.97282E-03,2.79433E-03,4.70801E-02,1.070E-02,4.34E-04
402,1.50397E-02,3.45993E-03,3.27374E-03,5.57012E-02,1.231E-02,4.73E-04
403,1.73166E-02,4.00793E-03,3.81660E-03,6.56137E-02,1.413E-02,5.18E-04
404,1.99071E-02,4.62370E-03,4.43021E-03,7.69323E-02,1.619E-02,5.72E-04
405,2.28112E-02,5.31546E-03,5.12316E-03,8.97612E-02,1.852E-02,6.40E-04
406,2.63194E-02,6.09138E-03,5.90458E-03,1.04188E-01,2.113E-02,7.25E-04
407,3.05964E-02,6.95291E-03,6.78005E-03,1.20273E-01,2.405E-02,8.26E-04
408,3.54538E-02,7.89634E-03,7.75260E-03,1.38044E-01,2.730E-02,9.41E-04
409,4.07028E-02,8.91300E-03,8.82286E-03,1.57485E-01,3.089E-02,0.00106988
410,4.61550E-02,9.98835E-03,9.98841E-03,1.78530E-01,3.484E-02,0.00121
411,5.17822E-02,1.11054E-02,1.12452E-02,2.01077E-01,3.916E-02,0.001362091
412,5.77804E-02,1.22607E-02,1.25949E-02,2.25091E-01,4.39E-02,0.001530752
413,6.42972E-02,1.34578E-02,1.40425E-02,2.50566E-01,4.90E-02,0.001720368
414,7.14801E-02,1.47044E-02,1.55944E-02,2.77507E-01,5.45E-02,0.001935323
415,7.94766E-02,1.60130E-02,1.72596E-02,3.05941E-01,6.04E-02,0.00218
416,8.91807E-02,1.73958E-02,1.90467E-02,3.35858E-01,6.68E-02,0.0024548
417,1.00756E-01,1.88452E-02,2.09545E-02,3.66981E-01,7.36E-02,0.002764
418,1.13256E-01,2.03440E-02,2.29763E-02,3.98876E-01,8.08E-02,0.0031178
419,1.25732E-01,2.18700E-02,2.51017E-02,4.30998E-01,8.85E-02,0.0035264
420,1.37237E-01,2.33957E-02,2.73163E-02,4.62692E-01,9.66E-02,0.004
421,1.47446E-01,2.48961E-02,2.96062E-02,4.93357E-01,1.052E-01,0.00454624
422,1.57014E-01,2.63761E-02,3.19746E-02,5.23006E-01,1.141E-01,0.00515932
423,1.66463E-01,2.78541E-02,3.44330E-02,5.51939E-01,1.235E-01,0.00582928
424,1.76316E-01,2.93551E-02,3.69983E-02,5.80599E-01,1.334E-01,0.00654616
425,1.87096E-01,3.09104E-02,3.96928E-02,6.09570E-01,1.436E-01,0.0073
426,1.99210E-01,3.25498E-02,4.25402E-02,6.39359E-01,1.541E-01,0.008086507
427,2.12408E-01,3.42714E-02,4.55474E-02,6.69651E-01,1.651E-01,0.00890872
428,2.26225E-01,3.60620E-02,4.87161E-02,6.99829E-01,1.764E-01,0.00976768
429,2.40199E-01,3.79052E-02,5.20467E-02,7.29177E-01,1.879E-01,0.01066443
430,2.53865E-01,3.97810E-02,5.55384E-02,7.56885E-01,1.998E-01,0.0116
431,2.67021E-01,4.16705E-02,5.91876E-02,7.82292E-01,2.119E-01,0.01257317
432,2.79976E-01,4.35728E-02,6.29819E-02,8.05666E-01,2.243E-01,0.01358272
433,2.93034E-01,4.54932E-02,6.69031E-02,8.27599E-01,2.369E-01,0.01462968
434,3.06500E-01,4.74385E-02,7.09285E-02,8.48780E-01,2.496E-01,0.01571509
435,3.20679E-01,4.94172E-02,7.50299E-02,8.69984E-01,2.625E-01,0.01684
436,3.36016E-01,5.14343E-02,7.91769E-02,8.91761E-01,2.755E-01,0.01800736
437,3.52361E-01,5.34735E-02,8.33463E-02,9.13444E-01,2.886E-01,0.01921448
438,3.69128E-01,5.55102E-02,8.75160E-02,9.33977E-01,3.017E-01,0.02045392
439,3.85732E-01,5.75166E-02,9.16625E-02,9.52218E-01,3.149E-01,0.02171824
440,4.01587E-01,5.94619E-02,9.57612E-02,9.66960E-01,3.281E-01,0.023
441,4.16472E-01,6.13240E-02,9.97977E-02,9.77340E-01,3.412E-01,0.02429461
442,4.30797E-01,6.31288E-02,1.03804E-01,9.84028E-01,3.543E-01,0.02561024
443,4.44921E-01,6.49189E-02,1.07834E-01,9.88144E-01,3.673E-01,0.02695857
444,4.59203E-01,6.67425E-02,1.11948E-01,9.90851E-01,3.803E-01,0.02835125
445,4.74002E-01,6.86538E-02,1.16220E-01,9.93336E-01,3.931E-01,0.0298
446,4.89517E-01,7.06963E-02,1.20706E-01,9.96373E-01,4.06E-01,0.03131083
447,5.05522E-01,7.28508E-02,1.25363E-01,9.99038E-01,4.18E-01,0.03288368
448,5.21741E-01,7.50778E-02,1.30111E-01,9.99978E-01,4.31E-01,0.03452112
449,5.37898E-01,7.73325E-02,1.34856E-01,9.97844E-01,4.43E-01,0.03622571
450,5.53715E-01,7.95647E-02,1.39493E-01,9.91329E-01,4.55E-01,0.038
451,5.69100E-01,8.17368E-02,1.43943E-01,9.79657E-01,4.67E-01,0.03984667
452,5.84240E-01,8.38826E-02,1.48281E-01,9.63905E-01,4.79E-01,0.041768
453,5.99281E-01,8.60598E-02,1.52637E-01,9.45573E-01,4.90E-01,0.043766
454,6.14370E-01,8.83322E-02,1.57157E-01,9.26078E-01,5.02E-01,0.04584267
455,6.29654E-01,9.07704E-02,1.62006E-01,9.06735E-01,5.13E-01,0.048
456,6.45193E-01,9.34397E-02,1.67331E-01,8.88509E-01,5.24E-01,0.05024368
457,6.60892E-01,9.63577E-02,1.73144E-01,8.71353E-01,5.35E-01,0.05257304
458,6.76660E-01,9.95304E-02,1.79417E-01,8.54998E-01,5.46E-01,0.05498056
459,6.92409E-01,1.02964E-01,1.86117E-01,8.39198E-01,5.57E-01,0.05745872
460,7.08049E-01,1.06663E-01,1.93202E-01,8.23726E-01,5.67E-01,0.06
461,7.23594E-01,1.10629E-01,2.00621E-01,8.08307E-01,5.78E-01,0.06260197
462,7.39105E-01,1.14828E-01,2.08315E-01,7.92431E-01,5.88E-01,0.06527752
463,7.54560E-01,1.19217E-01,2.16212E-01,7.75569E-01,5.99E-01,0.06804208
464,7.69938E-01,1.23740E-01,2.24231E-01,7.57244E-01,6.10E-01,0.07091109
465,7.85216E-01,1.28336E-01,2.32275E-01,7.37043E-01,6.20E-01,0.0739
466,8.00683E-01,1.32947E-01,2.40257E-01,7.14730E-01,6.31E-01,0.077016
467,8.16354E-01,1.37570E-01,2.48160E-01,6.90558E-01,6.42E-01,0.0802664
468,8.31798E-01,1.42218E-01,2.55987E-01,6.64890E-01,6.53E-01,0.0836668
469,8.46587E-01,1.46905E-01,2.63744E-01,6.38078E-01,6.64E-01,0.0872328
470,8.60291E-01,1.51651E-01,2.71441E-01,6.10456E-01,6.76E-01,0.09098
471,8.72925E-01,1.56475E-01,2.79097E-01,5.82346E-01,6.87E-01,0.09491755
472,8.84870E-01,1.61404E-01,2.86755E-01,5.54065E-01,6.99E-01,0.09904584
473,8.96242E-01,1.66464E-01,2.94476E-01,5.25903E-01,7.10E-01,0.1033674
474,9.07158E-01,1.71690E-01,3.02323E-01,4.98108E-01,7.22E-01,0.1078846
475,9.17734E-01,1.77116E-01,3.10372E-01,4.70894E-01,7.34E-01,0.1126
476,9.28345E-01,1.82777E-01,3.18692E-01,4.44450E-01,7.45E-01,0.117532
477,9.38950E-01,1.88685E-01,3.27307E-01,4.18992E-01,7.57E-01,0.1226744
478,9.49035E-01,1.94845E-01,3.36232E-01,3.94699E-01,7.69E-01,0.1279928
479,9.58091E-01,2.01261E-01,3.45480E-01,3.71707E-01,7.81E-01,0.1334528
480,9.65605E-01,2.07940E-01,3.55066E-01,3.50108E-01,7.93E-01,0.13902
481,9.71976E-01,2.14875E-01,3.64985E-01,3.29904E-01,8.05E-01,0.1446764
482,9.77833E-01,2.22022E-01,3.75142E-01,3.10864E-01,8.17E-01,0.1504693
483,9.83006E-01,2.29316E-01,3.85410E-01,2.92741E-01,8.28E-01,0.1564619
484,9.87325E-01,2.36684E-01,3.95646E-01,2.75338E-01,8.40E-01,0.1627177
485,9.90621E-01,2.44046E-01,4.05688E-01,2.58497E-01,8.51E-01,0.1693
486,9.93343E-01,2.51347E-01,4.15435E-01,2.42158E-01,8.62E-01,0.1762431
487,9.95887E-01,2.58695E-01,4.25064E-01,2.26504E-01,8.73E-01,0.1835581
488,9.98008E-01,2.66252E-01,4.34851E-01,2.11726E-01,8.84E-01,0.1912735
489,9.99461E-01,2.74202E-01,4.45097E-01,1.97960E-01,8.94E-01,0.199418
490,1.00000E+00,2.82752E-01,4.56137E-01,1.85297E-01,9.04E-01,0.20802
491,9.99561E-01,2.92071E-01,4.68236E-01,1.73751E-01,9.14E-01,0.2171199
492,9.98365E-01,3.02094E-01,4.81255E-01,1.63149E-01,9.23E-01,0.2267345
493,9.96590E-01,3.12673E-01,4.94927E-01,1.53311E-01,9.32E-01,0.2368571
494,9.94416E-01,3.23637E-01,5.08947E-01,1.44086E-01,9.41E-01,0.2474812
495,9.92022E-01,3.34786E-01,5.22970E-01,1.35351E-01,9.49E-01,0.2586
496,9.88792E-01,3.45943E-01,5.36701E-01,1.27011E-01,9.57E-01,0.2701849
497,9.84220E-01,3.57126E-01,5.50195E-01,1.19017E-01,9.64E-01,0.2822939
498,9.78657E-01,3.68416E-01,5.63616E-01,1.11333E-01,9.70E-01,0.2950505
499,9.72451E-01,3.79907E-01,5.77150E-01,1.03934E-01,9.76E-01,0.308578
500,9.65952E-01,3.91705E-01,5.91003E-01,9.67990E-02,9.82E-01,0.323
501,9.58844E-01,4.03905E-01,6.05350E-01,8.99169E-02,9.86E-01,0.3384021
502,9.50716E-01,4.16500E-01,6.20160E-01,8.32878E-02,9.90E-01,0.3546858
503,9.41778E-01,4.29453E-01,6.35343E-01,7.69157E-02,9.94E-01,0.3716986
504,9.32236E-01,4.42720E-01,6.50796E-01,7.08052E-02,9.97E-01,0.3892875
505,9.22299E-01,4.56252E-01,6.66404E-01,6.49614E-02,9.98E-01,0.4073
506,9.11832E-01,4.69997E-01,6.82055E-01,5.94049E-02,1.000E+00,0.4256299
507,9.00602E-01,4.83926E-01,6.97672E-01,5.42076E-02,1.000E+00,0.4443096
508,8.88663E-01,4.98012E-01,7.13186E-01,4.94281E-02,1.000E+00,0.4633944
509,8.76073E-01,5.12227E-01,7.28526E-01,4.50993E-02,9.98E-01,0.4829395
510,8.62888E-01,5.26538E-01,7.43612E-01,4.12337E-02,9.97E-01,0.503
511,8.48801E-01,5.40923E-01,7.58396E-01,3.78142E-02,9.94E-01,0.5235693
512,8.33678E-01,5.55406E-01,7.72966E-01,3.47627E-02,9.90E-01,0.544512
513,8.17832E-01,5.70025E-01,7.87457E-01,3.20029E-02,9.86E-01,0.56569
514,8.01579E-01,5.84828E-01,8.02017E-01,2.94746E-02,9.81E-01,0.5869653
515,7.85233E-01,5.99867E-01,8.16808E-01,2.71300E-02,9.75E-01,0.6082
516,7.68718E-01,6.15162E-01,8.31919E-01,2.49376E-02,9.68E-01,0.6293456
517,7.51807E-01,6.30569E-01,8.47096E-01,2.28931E-02,9.61E-01,0.6503068
518,7.34593E-01,6.45883E-01,8.61972E-01,2.09956E-02,9.53E-01,0.6708752
519,7.17169E-01,6.60880E-01,8.76152E-01,1.92427E-02,9.44E-01,0.6908424
520,6.99628E-01,6.75313E-01,8.89214E-01,1.76298E-02,9.35E-01,0.71
521,6.81888E-01,6.88975E-01,9.00812E-01,1.61501E-02,9.25E-01,0.7281852
522,6.63881E-01,7.01886E-01,9.11006E-01,1.47911E-02,9.15E-01,0.7454636
523,6.45724E-01,7.14140E-01,9.19968E-01,1.35407E-02,9.04E-01,0.7619694
524,6.27533E-01,7.25841E-01,9.27890E-01,1.23884E-02,8.92E-01,0.7778368
525,6.09422E-01,7.37108E-01,9.34977E-01,1.13252E-02,8.80E-01,0.7932
526,5.91339E-01,7.48046E-01,9.41414E-01,1.03437E-02,8.67E-01,0.8081104
527,5.73207E-01,7.58684E-01,9.47279E-01,9.44092E-03,8.54E-01,0.8224962
528,5.55105E-01,7.69032E-01,9.52622E-01,8.61365E-03,8.40E-01,0.8363068
529,5.37112E-01,7.79099E-01,9.57498E-01,7.85831E-03,8.26E-01,0.8494916
530,5.19309E-01,7.88900E-01,9.61962E-01,7.17089E-03,8.11E-01,0.862
531,5.01645E-01,7.98472E-01,9.66080E-01,6.54648E-03,7.96E-01,0.8738108
532,4.84067E-01,8.07945E-01,9.69966E-01,5.97777E-03,7.81E-01,0.8849624
533,4.66643E-01,8.17478E-01,9.73743E-01,5.45794E-03,7.65E-01,0.8954936
534,4.49442E-01,8.27239E-01,9.77539E-01,4.98125E-03,7.49E-01,0.9054432
535,4.32533E-01,8.37403E-01,9.81481E-01,4.54287E-03,7.33E-01,0.9148501
536,4.15862E-01,8.48078E-01,9.85629E-01,4.13908E-03,7.17E-01,0.9237348
537,3.99372E-01,8.59064E-01,9.89754E-01,3.76794E-03,7.00E-01,0.9320924
538,3.83136E-01,8.70068E-01,9.93551E-01,3.42783E-03,6.83E-01,0.9399226
539,3.67224E-01,8.80779E-01,9.96714E-01,3.11696E-03,6.67E-01,0.9472252
540,3.51707E-01,8.90871E-01,9.98931E-01,2.83352E-03,6.50E-01,0.954
541,3.36537E-01,9.00057E-01,9.99942E-01,2.57556E-03,6.33E-01,0.9602561
542,3.21647E-01,9.08253E-01,9.99692E-01,2.34084E-03,6.16E-01,0.9660074
543,3.07085E-01,9.15433E-01,9.98178E-01,2.12722E-03,5.99E-01,0.9712606
544,2.92899E-01,9.21575E-01,9.95405E-01,1.93276E-03,5.81E-01,0.9760225
545,2.79135E-01,9.26660E-01,9.91383E-01,1.75573E-03,5.64E-01,0.9803
546,2.65737E-01,9.30744E-01,9.86199E-01,1.59455E-03,5.48E-01,0.9840924
547,2.52648E-01,9.34160E-01,9.80229E-01,1.44783E-03,5.31E-01,0.9874182
548,2.39917E-01,9.37318E-01,9.73906E-01,1.31430E-03,5.14E-01,0.9903128
549,2.27592E-01,9.40634E-01,9.67653E-01,1.19281E-03,4.97E-01,0.9928116
550,2.15722E-01,9.44527E-01,9.61876E-01,1.08230E-03,4.81E-01,0.9949501
551,2.04238E-01,9.49291E-01,9.56820E-01,9.81819E-04,4.65E-01,0.9967108
552,1.93075E-01,9.54680E-01,9.52151E-01,8.90533E-04,4.48E-01,0.9980983
553,1.82288E-01,9.60309E-01,9.47398E-01,8.07687E-04,4.33E-01,0.999112
554,1.71930E-01,9.65785E-01,9.42105E-01,7.32568E-04,4.17E-01,0.9997482
555,1.62056E-01,9.70703E-01,9.35829E-01,6.64512E-04,4.02E-01,1
556,1.52601E-01,9.74756E-01,9.28274E-01,6.02887E-04,3.864E-01,0.9998567
557,1.43487E-01,9.78055E-01,9.19667E-01,5.47062E-04,3.715E-01,0.9993046
558,1.34748E-01,9.80819E-01,9.10356E-01,4.96461E-04,3.569E-01,0.9983255
559,1.26416E-01,9.83271E-01,9.00677E-01,4.50571E-04,3.427E-01,0.9968987
560,1.18526E-01,9.85636E-01,8.90949E-01,4.08931E-04,3.288E-01,0.995
561,1.11007E-01,9.88085E-01,8.81386E-01,3.71136E-04,3.151E-01,0.9926005
562,1.03793E-01,9.90560E-01,8.71834E-01,3.36838E-04,3.018E-01,0.9897426
563,9.69206E-02,9.92945E-01,8.62059E-01,3.05723E-04,2.888E-01,0.9864444
564,9.04259E-02,9.95124E-01,8.51840E-01,2.77504E-04,2.762E-01,0.9827241
565,8.43457E-02,9.96979E-01,8.40969E-01,2.51918E-04,2.639E-01,0.9786
566,7.86198E-02,9.98411E-01,8.29303E-01,2.28725E-04,2.519E-01,0.9740837
567,7.31750E-02,9.99391E-01,8.16911E-01,2.07699E-04,2.403E-01,0.9691712
568,6.80288E-02,9.99912E-01,8.03910E-01,1.88638E-04,2.291E-01,0.9638568
569,6.31984E-02,9.99965E-01,7.90413E-01,1.71357E-04,2.182E-01,0.9581349
570,5.87013E-02,9.99543E-01,7.76526E-01,1.55688E-04,2.076E-01,0.952
571,5.44832E-02,9.98615E-01,7.62311E-01,1.41480E-04,1.974E-01,0.9454504
572,5.04889E-02,9.97051E-01,7.47669E-01,1.28596E-04,1.876E-01,0.9384992
573,4.67344E-02,9.94701E-01,7.32476E-01,1.16912E-04,1.782E-01,0.9311628
574,4.32357E-02,9.91416E-01,7.16622E-01,1.06316E-04,1.690E-01,0.9234576
575,4.00089E-02,9.87057E-01,7.00013E-01,9.67045E-05,1.602E-01,0.9154
576,3.70102E-02,9.81599E-01,6.82647E-01,8.79858E-05,1.517E-01,0.9070064
577,3.41903E-02,9.75451E-01,6.64817E-01,8.00756E-05,1.436E-01,0.8982772
578,3.15562E-02,9.69120E-01,6.46858E-01,7.28979E-05,1.358E-01,0.8892048
579,2.91153E-02,9.63093E-01,6.29072E-01,6.63837E-05,1.284E-01,0.8797816
580,2.68747E-02,9.57841E-01,6.11728E-01,6.04705E-05,1.212E-01,0.87
581,2.48014E-02,9.53664E-01,5.94998E-01,5.51020E-05,1.143E-01,0.8598613
582,2.28597E-02,9.50236E-01,5.78783E-01,5.02269E-05,1.078E-01,0.849392
583,2.10534E-02,9.47086E-01,5.62935E-01,4.57988E-05,1.015E-01,0.838622
584,1.93864E-02,9.43752E-01,5.47321E-01,4.17759E-05,9.56E-02,0.8275813
585,1.78624E-02,9.39781E-01,5.31825E-01,3.81202E-05,8.99E-02,0.8163
586,1.64578E-02,9.34826E-01,5.16354E-01,3.47974E-05,8.45E-02,0.8047947
587,1.51470E-02,9.28917E-01,5.00870E-01,3.17763E-05,7.93E-02,0.793082
588,1.39314E-02,9.22177E-01,4.85350E-01,2.90288E-05,7.45E-02,0.781192
589,1.28120E-02,9.14729E-01,4.69777E-01,2.65294E-05,6.99E-02,0.7691547
590,1.17901E-02,9.06693E-01,4.54142E-01,2.42549E-05,6.55E-02,0.757
591,1.08488E-02,8.98170E-01,4.38454E-01,2.21847E-05,6.13E-02,0.7447541
592,9.97112E-03,8.89188E-01,4.22778E-01,2.02996E-05,5.74E-02,0.7324224
593,9.15850E-03,8.79759E-01,4.07188E-01,1.85826E-05,5.37E-02,0.7200036
594,8.41242E-03,8.69894E-01,3.91752E-01,1.70182E-05,5.02E-02,0.7074965
595,7.73430E-03,8.59605E-01,3.76527E-01,1.55924E-05,4.69E-02,0.6949
596,7.11255E-03,8.48912E-01,3.61559E-01,1.42924E-05,4.38E-02,0.6822192
597,6.53476E-03,8.37865E-01,3.46856E-01,1.31066E-05,4.09E-02,0.6694716
598,6.00110E-03,8.26522E-01,3.32422E-01,1.20248E-05,3.816E-02,0.6566744
599,5.51174E-03,8.14940E-01,3.18261E-01,1.10373E-05,3.558E-02,0.6438448
600,5.06686E-03,8.03173E-01,3.04378E-01,1.01356E-05,3.315E-02,0.631
601,4.65869E-03,7.91253E-01,2.90784E-01,9.31202E-06,3.087E-02,0.6181555
602,4.27946E-03,7.79118E-01,2.77506E-01,8.55941E-06,2.874E-02,0.6053144
603,3.92939E-03,7.66691E-01,2.64575E-01,7.87141E-06,2.674E-02,0.5924756
604,3.60872E-03,7.53900E-01,2.52012E-01,7.24221E-06,2.487E-02,0.5796379
605,3.31766E-03,7.40680E-01,2.39837E-01,6.66657E-06,2.312E-02,0.5668
606,3.05109E-03,7.26995E-01,2.28065E-01,6.13970E-06,2.147E-02,0.5539611
607,2.80374E-03,7.12905E-01,2.16703E-01,5.65727E-06,1.994E-02,0.5411372
608,2.57560E-03,6.98491E-01,2.05754E-01,5.21535E-06,1.851E-02,0.5283528
609,2.36668E-03,6.83829E-01,1.95221E-01,4.81036E-06,1.718E-02,0.5156323
610,2.17698E-03,6.68991E-01,1.85104E-01,4.43906E-06,1.593E-02,0.503
611,2.00317E-03,6.54037E-01,1.75398E-01,4.09850E-06,1.477E-02,0.4904688
612,1.84190E-03,6.38979E-01,1.66091E-01,3.78599E-06,1.369E-02,0.4780304
613,1.69317E-03,6.23825E-01,1.57169E-01,3.49911E-06,1.269E-02,0.4656776
614,1.55692E-03,6.08579E-01,1.48620E-01,3.23563E-06,1.175E-02,0.4534032
615,1.43314E-03,5.93248E-01,1.40431E-01,2.99354E-06,1.088E-02,0.4412
616,1.31972E-03,5.77857E-01,1.32591E-01,0.00000E+00,1.007E-02,0.42908
617,1.21451E-03,5.62493E-01,1.25092E-01,0.00000E+00,9.32E-03,0.417036
618,1.11743E-03,5.47248E-01,1.17928E-01,0.00000E+00,8.62E-03,0.405032
619,1.02839E-03,5.32209E-01,1.11091E-01,0.00000E+00,7.97E-03,0.393032
620,9.47313E-04,5.17449E-01,1.04573E-01,0.00000E+00,7.37E-03,0.381
621,8.72814E-04,5.02993E-01,9.83663E-02,0.00000E+00,6.82E-03,0.3689184
622,8.03576E-04,4.88692E-01,9.24685E-02,0.00000E+00,6.30E-03,0.3568272
623,7.39620E-04,4.74376E-01,8.68759E-02,0.00000E+00,5.82E-03,0.3447768
624,6.80970E-04,4.59896E-01,8.15834E-02,0.00000E+00,5.38E-03,0.3328176
625,6.27648E-04,4.45125E-01,7.65841E-02,0.00000E+00,4.97E-03,0.321
626,5.78753E-04,4.30007E-01,7.18683E-02,0.00000E+00,4.59E-03,0.3093381
627,5.33358E-04,4.14687E-01,6.74186E-02,0.00000E+00,4.24E-03,0.2978504
628,4.91440E-04,3.99340E-01,6.32176E-02,0.00000E+00,3.913E-03,0.2865936
629,4.52980E-04,3.84122E-01,5.92492E-02,0.00000E+00,3.613E-03,0.2756245
630,4.17955E-04,3.69168E-01,5.54990E-02,0.00000E+00,3.335E-03,0.265
631,3.85789E-04,3.54580E-01,5.19550E-02,0.00000E+00,3.079E-03,0.2547632
632,3.55905E-04,3.40389E-01,4.86103E-02,0.00000E+00,2.842E-03,0.2448896
633,3.28289E-04,3.26609E-01,4.54591E-02,0.00000E+00,2.623E-03,0.2353344
634,3.02926E-04,3.13249E-01,4.24945E-02,0.00000E+00,2.421E-03,0.2260528
635,2.79801E-04,3.00316E-01,3.97097E-02,0.00000E+00,2.235E-03,0.217
636,2.58544E-04,2.87817E-01,3.70952E-02,0.00000E+00,2.062E-03,0.2081616
637,2.38785E-04,2.75762E-01,3.46347E-02,0.00000E+00,1.903E-03,0.1995488
638,2.20508E-04,2.64158E-01,3.23125E-02,0.00000E+00,1.757E-03,0.1911552
639,2.03699E-04,2.53009E-01,3.01151E-02,0.00000E+00,1.621E-03,0.1829744
640,1.88341E-04,2.42316E-01,2.80314E-02,0.00000E+00,1.497E-03,0.175
641,1.74192E-04,2.32061E-01,2.60564E-02,0.00000E+00,1.382E-03,0.1672235
642,1.61020E-04,2.22158E-01,2.42011E-02,0.00000E+00,1.276E-03,0.1596464
643,1.48821E-04,2.12516E-01,2.24760E-02,0.00000E+00,1.178E-03,0.1522776
644,1.37594E-04,2.03060E-01,2.08870E-02,0.00000E+00,1.088E-03,0.1451259
645,1.27337E-04,1.93730E-01,1.94366E-02,0.00000E+00,1.005E-03,0.1382
646,1.17891E-04,1.84495E-01,1.81200E-02,0.00000E+00,9.28E-04,0.1315003
647,1.09096E-04,1.75402E-01,1.69149E-02,0.00000E+00,8.57E-04,0.1250248
648,1.00949E-04,1.66509E-01,1.57991E-02,0.00000E+00,7.92E-04,0.1187792
649,9.34437E-05,1.57865E-01,1.47543E-02,0.00000E+00,7.32E-04,0.1127691
650,8.65751E-05,1.49509E-01,1.37660E-02,0.00000E+00,6.77E-04,0.107
651,8.02405E-05,1.41470E-01,1.28246E-02,0.00000E+00,6.26E-04,0.1014762
652,7.43383E-05,1.33760E-01,1.19304E-02,0.00000E+00,5.79E-04,0.09618864
653,6.88650E-05,1.26383E-01,1.10850E-02,0.00000E+00,5.36E-04,0.09112296
654,6.38172E-05,1.19343E-01,1.02892E-02,0.00000E+00,4.96E-04,0.08626485
655,5.91914E-05,1.12638E-01,9.54315E-03,0.00000E+00,4.59E-04,0.0816
656,5.49203E-05,1.06264E-01,8.84609E-03,0.00000E+00,4.25E-04,0.07712064
657,5.09374E-05,1.00208E-01,8.19600E-03,0.00000E+00,3.935E-04,0.07282552
658,4.72404E-05,9.44558E-02,7.59059E-03,0.00000E+00,3.645E-04,0.06871008
659,4.38269E-05,8.89934E-02,7.02754E-03,0.00000E+00,3.377E-04,0.06476976
660,4.06945E-05,8.38077E-02,6.50455E-03,0.00000E+00,3.129E-04,0.061
661,3.77990E-05,7.88866E-02,6.01952E-03,0.00000E+00,2.901E-04,0.05739621
662,3.50966E-05,7.42192E-02,5.57093E-03,0.00000E+00,2.689E-04,0.05395504
663,3.25857E-05,6.97953E-02,5.15728E-03,0.00000E+00,2.493E-04,0.05067376
664,3.02647E-05,6.56050E-02,4.77687E-03,0.00000E+00,2.313E-04,0.04754965
665,2.81320E-05,6.16384E-02,4.42794E-03,0.00000E+00,2.146E-04,0.04458
666,2.61587E-05,5.78857E-02,4.10832E-03,0.00000E+00,1.991E-04,0.04175872
667,2.43158E-05,5.43366E-02,3.81470E-03,0.00000E+00,1.848E-04,0.03908496
668,2.26017E-05,5.09811E-02,3.54392E-03,0.00000E+00,1.716E-04,0.03656384
669,2.10148E-05,4.78096E-02,3.29329E-03,0.00000E+00,1.593E-04,0.03420048
670,1.95535E-05,4.48132E-02,3.06050E-03,0.00000E+00,1.480E-04,0.032
671,1.81982E-05,4.19831E-02,2.84369E-03,0.00000E+00,1.375E-04,0.02996261
672,1.69302E-05,3.93111E-02,2.64175E-03,0.00000E+00,1.277E-04,0.02807664
673,1.57493E-05,3.67892E-02,2.45374E-03,0.00000E+00,1.187E-04,0.02632936
674,1.46553E-05,3.44098E-02,2.27875E-03,0.00000E+00,1.104E-04,0.02470805
675,1.36480E-05,3.21660E-02,2.11596E-03,0.00000E+00,1.026E-04,0.0232
676,1.27143E-05,3.00509E-02,1.96456E-03,0.00000E+00,9.54E-05,0.02180077
677,1.18407E-05,2.80594E-02,1.82378E-03,0.00000E+00,8.88E-05,0.02050112
678,1.10269E-05,2.61861E-02,1.69287E-03,0.00000E+00,8.26E-05,0.01928108
679,1.02723E-05,2.44260E-02,1.57115E-03,0.00000E+00,7.69E-05,0.01812069
680,9.57637E-06,2.27738E-02,1.45798E-03,0.00000E+00,7.15E-05,0.017
681,8.93033E-06,2.12238E-02,1.35274E-03,0.00000E+00,6.66E-05,0.01590379
682,8.32543E-06,1.97679E-02,1.25476E-03,0.00000E+00,6.20E-05,0.01483718
683,7.76135E-06,1.83986E-02,1.16340E-03,0.00000E+00,5.78E-05,0.01381068
684,7.23773E-06,1.71092E-02,1.07812E-03,0.00000E+00,5.38E-05,0.01283478
685,6.75425E-06,1.58939E-02,9.98424E-04,0.00000E+00,5.01E-05,0.01192
686,6.30499E-06,1.47492E-02,9.23962E-04,0.00000E+00,4.67E-05,0.01106831
687,5.88407E-06,1.36773E-02,8.54713E-04,0.00000E+00,4.36E-05,0.01027339
688,5.49115E-06,1.26804E-02,7.90652E-04,0.00000E+00,4.06E-05,0.009533311
689,5.12592E-06,1.17590E-02,7.31684E-04,0.00000E+00,3.789E-05,0.008846157
690,4.78804E-06,1.09123E-02,6.77653E-04,0.00000E+00,3.533E-05,0.00821
691,4.47347E-06,1.01373E-02,6.28297E-04,0.00000E+00,3.295E-05,0.007623781
692,4.17829E-06,9.42568E-03,5.83108E-04,0.00000E+00,3.075E-05,0.007085424
693,3.90243E-06,8.76917E-03,5.41584E-04,0.00000E+00,2.870E-05,0.006591476
694,3.64583E-06,8.16076E-03,5.03294E-04,0.00000E+00,2.679E-05,0.006138485
695,3.40841E-06,7.59453E-03,4.67870E-04,0.00000E+00,2.501E-05,0.005723
696,3.18739E-06,7.06588E-03,4.35007E-04,0.00000E+00,2.336E-05,0.005343059
697,2.97998E-06,6.57252E-03,4.04490E-04,0.00000E+00,2.182E-05,0.004995796
698,2.78604E-06,6.11262E-03,3.76138E-04,0.00000E+00,2.038E-05,0.004676404
699,2.60548E-06,5.68440E-03,3.49784E-04,0.00000E+00,1.905E-05,0.004380075
700,2.43819E-06,5.28607E-03,3.25278E-04,0.00000E+00,1.780E-05,0.004102
701,2.28225E-06,4.91573E-03,3.02477E-04,0.00000E+00,1.664E-05,0.003838453
702,2.13580E-06,4.57086E-03,2.81237E-04,0.00000E+00,1.556E-05,0.003589099
703,1.99874E-06,4.24908E-03,2.61427E-04,0.00000E+00,1.454E-05,0.003354219
704,1.87101E-06,3.94832E-03,2.42930E-04,0.00000E+00,1.360E-05,0.003134093
705,1.75252E-06,3.66675E-03,2.25641E-04,0.00000E+00,1.273E-05,0.002929
706,1.64197E-06,3.40297E-03,2.09478E-04,0.00000E+00,1.191E-05,0.002738139
707,1.53806E-06,3.15632E-03,1.94400E-04,0.00000E+00,1.114E-05,0.002559876
708,1.44073E-06,2.92624E-03,1.80370E-04,0.00000E+00,1.043E-05,0.002393244
709,1.34993E-06,2.71213E-03,1.67347E-04,0.00000E+00,9.76E-06,0.002237275
710,1.26560E-06,2.51327E-03,1.55286E-04,0.00000E+00,9.14E-06,0.002091
711,1.18683E-06,2.32895E-03,1.44135E-04,0.00000E+00,8.56E-06,0.001953587
712,1.11273E-06,2.15836E-03,1.33830E-04,0.00000E+00,8.02E-06,0.00182458
713,1.04326E-06,2.00071E-03,1.24309E-04,0.00000E+00,7.51E-06,0.00170358
714,9.78385E-07,1.85521E-03,1.15513E-04,0.00000E+00,7.04E-06,0.001590187
715,9.18078E-07,1.72108E-03,1.07388E-04,0.00000E+00,6.60E-06,0.001484
716,8.61705E-07,1.59750E-03,9.98800E-05,0.00000E+00,6.18E-06,0.001384496
717,8.08640E-07,1.48342E-03,9.29320E-05,0.00000E+00,5.80E-06,0.001291268
718,7.58853E-07,1.37787E-03,8.64907E-05,0.00000E+00,5.44E-06,0.001204092
719,7.12313E-07,1.27998E-03,8.05090E-05,0.00000E+00,5.10E-06,0.001122744
720,6.68991E-07,1.18900E-03,7.49453E-05,0.00000E+00,4.78E-06,0.001047
721,6.28444E-07,1.10433E-03,6.97652E-05,0.00000E+00,4.49E-06,9.77E-04
722,5.90239E-07,1.02563E-03,6.49470E-05,0.00000E+00,4.21E-06,9.11E-04
723,5.54363E-07,9.52602E-04,6.04718E-05,0.00000E+00,3.951E-06,8.50E-04
724,5.20798E-07,8.84959E-04,5.63207E-05,0.00000E+00,3.709E-06,7.93E-04
725,4.89531E-07,8.22396E-04,5.24748E-05,0.00000E+00,3.482E-06,7.40E-04
726,4.60251E-07,7.64585E-04,4.89142E-05,0.00000E+00,3.270E-06,6.90E-04
727,4.32648E-07,7.11110E-04,4.56137E-05,0.00000E+00,3.070E-06,6.43E-04
728,4.06710E-07,6.61570E-04,4.25490E-05,0.00000E+00,2.884E-06,5.99E-04
729,3.82420E-07,6.15612E-04,3.96989E-05,0.00000E+00,2.710E-06,5.58E-04
730,3.59766E-07,5.72917E-04,3.70443E-05,0.00000E+00,2.546E-06,5.20E-04
731,3.38528E-07,5.33206E-04,3.45688E-05,0.00000E+00,2.393E-06,4.84E-04
732,3.18490E-07,4.96234E-04,3.22588E-05,0.00000E+00,2.250E-06,4.50E-04
733,2.99644E-07,4.61782E-04,3.01026E-05,0.00000E+00,2.115E-06,4.18E-04
734,2.81981E-07,4.29654E-04,2.80893E-05,0.00000E+00,1.989E-06,3.89E-04
735,2.65493E-07,3.99670E-04,2.62088E-05,0.00000E+00,1.870E-06,3.61E-04
736,2.50026E-07,3.71690E-04,2.44529E-05,0.00000E+00,1.759E-06,3.35E-04
737,2.35424E-07,3.45650E-04,2.28177E-05,0.00000E+00,1.655E-06,3.11E-04
738,2.21681E-07,3.21494E-04,2.12995E-05,0.00000E+00,1.557E-06,2.89E-04
739,2.08789E-07,2.99155E-04,1.98941E-05,0.00000E+00,1.466E-06,2.68E-04
740,1.96740E-07,2.78553E-04,1.85965E-05,0.00000E+00,1.379E-06,2.49E-04
741,1.85426E-07,2.59583E-04,1.74003E-05,0.00000E+00,1.299E-06,2.31E-04
742,1.74736E-07,2.42061E-04,1.62931E-05,0.00000E+00,1.223E-06,2.15E-04
743,1.64666E-07,2.25809E-04,1.52632E-05,0.00000E+00,1.151E-06,1.99E-04
744,1.55212E-07,2.10674E-04,1.43005E-05,0.00000E+00,1.084E-06,1.85E-04
745,1.46370E-07,1.96528E-04,1.33965E-05,0.00000E+00,1.022E-06,1.72E-04
746,1.38062E-07,1.83271E-04,1.25449E-05,0.00000E+00,9.62E-07,1.60E-04
747,1.30208E-07,1.70868E-04,1.17441E-05,0.00000E+00,9.07E-07,1.49E-04
748,1.22805E-07,1.59290E-04,1.09929E-05,0.00000E+00,8.55E-07,1.38E-04
749,1.15848E-07,1.48506E-04,1.02900E-05,0.00000E+00,8.06E-07,1.29E-04
750,1.09332E-07,1.38482E-04,9.63397E-06,0.00000E+00,7.60E-07,1.20E-04
751,1.03202E-07,1.29179E-04,9.02263E-06,0.00000E+00,7.16E-07,1.12E-04
752,9.74005E-08,1.20542E-04,8.45301E-06,0.00000E+00,6.75E-07,1.04E-04
753,9.19274E-08,1.12519E-04,7.92207E-06,0.00000E+00,6.37E-07,9.73E-05
754,8.67807E-08,1.05061E-04,7.42700E-06,0.00000E+00,6.01E-07,9.08E-05
755,8.19587E-08,9.81226E-05,6.96522E-06,0.00000E+00,5.67E-07,8.48E-05
756,7.74202E-08,9.16641E-05,6.53422E-06,0.00000E+00,5.35E-07,7.91E-05
757,7.31243E-08,8.56455E-05,6.13129E-06,0.00000E+00,5.05E-07,7.39E-05
758,6.90693E-08,8.00302E-05,5.75391E-06,0.00000E+00,4.77E-07,6.89E-05
759,6.52534E-08,7.47858E-05,5.39984E-06,0.00000E+00,4.50E-07,6.43E-05
760,6.16749E-08,6.98827E-05,5.06711E-06,0.00000E+00,4.25E-07,6.00E-05
761,5.83044E-08,6.52966E-05,4.75413E-06,0.00000E+00,4.01E-07,5.60E-05
762,5.51124E-08,6.10128E-05,4.46019E-06,0.00000E+00,3.790E-07,5.22E-05
763,5.20972E-08,5.70183E-05,4.18466E-06,0.00000E+00,3.580E-07,4.87E-05
764,4.92575E-08,5.32996E-05,3.92690E-06,0.00000E+00,3.382E-07,4.54E-05
765,4.65916E-08,4.98430E-05,3.68617E-06,0.00000E+00,3.196E-07,4.24E-05
766,4.40782E-08,4.66322E-05,3.46157E-06,0.00000E+00,3.021E-07,3.96E-05
767,4.16962E-08,4.36424E-05,3.25155E-06,0.00000E+00,2.855E-07,3.69E-05
768,3.94444E-08,4.08501E-05,3.05464E-06,0.00000E+00,2.699E-07,3.44E-05
769,3.73218E-08,3.82346E-05,2.86951E-06,0.00000E+00,2.552E-07,3.21E-05
770,3.53272E-08,3.57781E-05,2.69504E-06,0.00000E+00,2.413E-07,3.00E-05
771,3.34451E-08,3.34676E-05,2.53040E-06,0.00000E+00,2.282E-07,2.80E-05
772,3.16600E-08,3.13007E-05,2.37550E-06,0.00000E+00,2.159E-07,2.61E-05
773,2.99712E-08,2.92761E-05,2.23033E-06,0.00000E+00,2.042E-07,2.44E-05
774,2.83782E-08,2.73908E-05,2.09478E-06,0.00000E+00,1.932E-07,2.27E-05
775,2.68803E-08,2.56411E-05,1.96864E-06,0.00000E+00,1.829E-07,2.12E-05
776,2.54800E-08,2.40205E-05,1.85152E-06,0.00000E+00,1.731E-07,1.98E-05
777,2.41660E-08,2.25160E-05,1.74248E-06,0.00000E+00,1.638E-07,1.85E-05
778,2.29167E-08,2.11145E-05,1.64060E-06,0.00000E+00,1.551E-07,1.72E-05
779,2.17105E-08,1.98046E-05,1.54507E-06,0.00000E+00,1.468E-07,1.61E-05
780,2.05258E-08,1.85766E-05,1.45518E-06,0.00000E+00,1.390E-07,1.50E-05