"reference","material","illuminant","metric","expected","tolerance"
"TUB table 2","tub:reflection:WF1","A","photopic",0.59,0.0055
"TUB table 2","tub:reflection:WF2","A","photopic",0.57,0.0055
"TUB table 2","tub:reflection:WF3","A","photopic",0.42,0.0055
"TUB table 2","tub:reflection:WF4","A","photopic",0.44,0.0055
"TUB table 2","tub:reflection:WF5","A","photopic",0.33,0.0055
"TUB table 2","tub:reflection:WF6","A","photopic",0.38,0.0055
"TUB table 2","tub:reflection:WF7","A","photopic",0.3,0.0055
"TUB table 2","tub:reflection:WF8","A","photopic",0.36,0.0055
"TUB table 2","tub:reflection:WF9","A","photopic",0.14,0.0055
"TUB table 2","tub:reflection:WF10","A","photopic",0.15,0.0055
"TUB table 2","tub:reflection:WF1","D65","photopic",0.56,0.0055
"TUB table 2","tub:reflection:WF2","D65","photopic",0.53,0.0055
"TUB table 2","tub:reflection:WF3","D65","photopic",0.38,0.0055
"TUB table 2","tub:reflection:WF4","D65","photopic",0.4,0.0055
"TUB table 2","tub:reflection:WF5","D65","photopic",0.31,0.0055
"TUB table 2","tub:reflection:WF6","D65","photopic",0.35,0.0055
"TUB table 2","tub:reflection:WF7","D65","photopic",0.27,0.0055
"TUB table 2","tub:reflection:WF8","D65","photopic",0.32,0.0055
"TUB table 2","tub:reflection:WF9","D65","photopic",0.13,0.0055
"TUB table 2","tub:reflection:WF10","D65","photopic",0.13,0.0055
"TUB table 3","tub:reflection:WC1","A","photopic",0.8,0.0055
"TUB table 3","tub:reflection:WC2","A","photopic",0.85,0.0055
"TUB table 3","tub:reflection:WC3","A","photopic",0.83,0.0055
"TUB table 3","tub:reflection:WC4","A","photopic",0.66,0.0055
"TUB table 3","tub:reflection:WC5","A","photopic",0.8,0.0055
"TUB table 3","tub:reflection:WC6","A","photopic",0.83,0.0055
"TUB table 3","tub:reflection:WC7","A","photopic",0.79,0.0055
"TUB table 3","tub:reflection:WC8","A","photopic",0.77,0.0055
"TUB table 3","tub:reflection:WC9","A","photopic",0.85,0.0055
"TUB table 3","tub:reflection:WC10","A","photopic",0.79,0.0055
"TUB table 3","tub:reflection:WC11","A","photopic",0.69,0.0055
"TUB table 3","tub:reflection:WC12","A","photopic",0.82,0.0055
"TUB table 3","tub:reflection:L1","A","photopic",0.82,0.0055
"TUB table 3","tub:reflection:WC1","D65","photopic",0.77,0.0055
"TUB table 3","tub:reflection:WC2","D65","photopic",0.84,0.0055
"TUB table 3","tub:reflection:WC3","D65","photopic",0.82,0.0055
"TUB table 3","tub:reflection:WC4","D65","photopic",0.65,0.0055
"TUB table 3","tub:reflection:WC5","D65","photopic",0.77,0.0055
"TUB table 3","tub:reflection:WC6","D65","photopic",0.8,0.0055
"TUB table 3","tub:reflection:WC7","D65","photopic",0.77,0.0055
"TUB table 3","tub:reflection:WC8","D65","photopic",0.74,0.0055
"TUB table 3","tub:reflection:WC9","D65","photopic",0.84,0.0055
"TUB table 3","tub:reflection:WC10","D65","photopic",0.76,0.0055
"TUB table 3","tub:reflection:WC11","D65","photopic",0.66,0.0055
"TUB table 3","tub:reflection:WC12","D65","photopic",0.8,0.0055
"TUB table 3","tub:reflection:L1","D65","photopic",0.82,0.0055
"TUB table 4","tub:transmission:PC1","A","photopic",0.88,0.0055
"TUB table 4","tub:transmission:PC2","A","photopic",0.55,0.0055
"TUB table 4","tub:transmission:PETG1","A","photopic",0.88,0.0055
"TUB table 4","tub:transmission:PETG2","A","photopic",0.78,0.0055
"TUB table 4","tub:transmission:SAN1","A","photopic",0.87,0.0055
"TUB table 4","tub:transmission:SAN2","A","photopic",0.77,0.0055
"TUB table 4","tub:transmission:XT1","A","photopic",0.93,0.0055
"TUB table 4","tub:transmission:XT2","A","photopic",0.8,0.0055
"TUB table 4","tub:transmission:GFR1","A","photopic",0.86,0.0055
"TUB table 4","tub:transmission:MSS1","A","photopic",0.68,0.0055
"TUB table 4","tub:transmission:MSS2","A","photopic",0.6,0.0055
"TUB table 4","tub:transmission:MSS3","A","photopic",0.55,0.0055
"TUB table 4","tub:transmission:MSS4","A","photopic",0.44,0.0055
"TUB table 4","tub:transmission:MSS5","A","photopic",0.55,0.0055
"TUB table 4","tub:transmission:MSS6","A","photopic",0.44,0.0055
"TUB table 4","tub:transmission:PC1","D65","photopic",0.88,0.0055
"TUB table 4","tub:transmission:PC2","D65","photopic",0.55,0.0055
"TUB table 4","tub:transmission:PETG1","D65","photopic",0.88,0.0055
"TUB table 4","tub:transmission:PETG2","D65","photopic",0.78,0.0055
"TUB table 4","tub:transmission:SAN1","D65","photopic",0.87,0.0055
"TUB table 4","tub:transmission:SAN2","D65","photopic",0.77,0.0055
"TUB table 4","tub:transmission:XT1","D65","photopic",0.93,0.0055
"TUB table 4","tub:transmission:XT2","D65","photopic",0.8,0.0055
"TUB table 4","tub:transmission:GFR1","D65","photopic",0.86,0.0055
"TUB table 4","tub:transmission:MSS1","D65","photopic",0.68,0.0055
"TUB table 4","tub:transmission:MSS2","D65","photopic",0.6,0.0055
"TUB table 4","tub:transmission:MSS3","D65","photopic",0.55,0.0055
"TUB table 4","tub:transmission:MSS4","D65","photopic",0.44,0.0055
"TUB table 4","tub:transmission:MSS5","D65","photopic",0.55,0.0055
"TUB table 4","tub:transmission:MSS6","D65","photopic",0.44,0.0055
"TUB table 5","tub:transmission:G1","A","photopic",0.9,0.0055
"TUB table 5","tub:transmission:G2","A","photopic",0.81,0.0055
"TUB table 5","tub:transmission:G3","A","photopic",0.8,0.0055
"TUB table 5","tub:transmission:G4","A","photopic",0.78,0.0055
"TUB table 5","tub:transmission:G5","A","photopic",0.66,0.0055
"TUB table 5","tub:transmission:G6","A","photopic",0.72,0.0055
"TUB table 5","tub:transmission:G7","A","photopic",0.68,0.0055
"TUB table 5","tub:transmission:G8","A","photopic",0.52,0.0055
"TUB table 5","tub:transmission:G9","A","photopic",0.58,0.0055
"TUB table 5","tub:transmission:G10","A","photopic",0.68,0.0055
"TUB table 5","tub:transmission:G11","A","photopic",0.59,0.0055
"TUB table 5","tub:transmission:G12","A","photopic",0.41,0.0055
"TUB table 5","tub:transmission:G1","D65","photopic",0.9,0.0055
"TUB table 5","tub:transmission:G2","D65","photopic",0.82,0.0055
"TUB table 5","tub:transmission:G3","D65","photopic",0.81,0.0055
"TUB table 5","tub:transmission:G4","D65","photopic",0.79,0.0055
"TUB table 5","tub:transmission:G5","D65","photopic",0.66,0.0055
"TUB table 5","tub:transmission:G6","D65","photopic",0.72,0.0055
"TUB table 5","tub:transmission:G7","D65","photopic",0.69,0.0055
"TUB table 5","tub:transmission:G8","D65","photopic",0.52,0.0055
"TUB table 5","tub:transmission:G9","D65","photopic",0.59,0.0055
"TUB table 5","tub:transmission:G10","D65","photopic",0.69,0.0055
"TUB table 5","tub:transmission:G11","D65","photopic",0.6,0.0055
"TUB table 5","tub:transmission:G12","D65","photopic",0.42,0.0055
