lambda in nm;PC1;PC2;PETG1;PETG2;SAN1;SAN2;XT1;XT2;GFK1 / GFR1;ST1 / MSS1;ST2 / MSS2;ST3 / MSS3;ST4 / MSS4;ST5 / MSS5;ST6 / MSS6;G1;G2;G3;G4;G5;G6;G7;G8;G9;G10;G11;G12
380;0.011;0.022;0.052;0.041;0.017;0.025;0.617;0.498;0.169;0.015;0.001;0.010;0.000;0.010;0.000;0.861;0.746;0.003;0.545;0.429;0.356;0.441;0.142;0.337;0.358;0.292;0.060
385;0.013;0.039;0.130;0.094;0.019;0.031;0.756;0.626;0.300;0.035;0.005;0.025;0.002;0.016;0.001;0.867;0.758;0.016;0.574;0.455;0.407;0.467;0.173;0.368;0.392;0.322;0.085
390;0.023;0.088;0.262;0.195;0.031;0.046;0.846;0.712;0.442;0.091;0.027;0.071;0.009;0.044;0.006;0.874;0.769;0.028;0.603;0.480;0.459;0.493;0.205;0.399;0.427;0.351;0.110
395;0.079;0.174;0.412;0.321;0.079;0.089;0.890;0.754;0.556;0.185;0.084;0.151;0.036;0.107;0.023;0.883;0.785;0.188;0.633;0.505;0.503;0.518;0.237;0.426;0.465;0.382;0.139
400;0.222;0.270;0.544;0.441;0.188;0.183;0.910;0.774;0.640;0.296;0.175;0.247;0.089;0.198;0.063;0.892;0.801;0.347;0.664;0.530;0.547;0.544;0.270;0.454;0.503;0.414;0.168
405;0.430;0.340;0.644;0.537;0.353;0.321;0.918;0.782;0.696;0.400;0.275;0.334;0.158;0.289;0.122;0.893;0.803;0.516;0.678;0.542;0.572;0.560;0.297;0.471;0.523;0.433;0.194
410;0.626;0.383;0.721;0.611;0.537;0.476;0.921;0.785;0.736;0.492;0.377;0.410;0.239;0.373;0.202;0.894;0.805;0.684;0.693;0.555;0.596;0.575;0.325;0.487;0.543;0.452;0.219
415;0.760;0.414;0.779;0.666;0.693;0.610;0.923;0.786;0.764;0.568;0.467;0.468;0.321;0.440;0.290;0.893;0.804;0.726;0.700;0.562;0.609;0.586;0.349;0.495;0.554;0.465;0.240
420;0.832;0.453;0.818;0.703;0.792;0.698;0.923;0.786;0.785;0.616;0.529;0.504;0.380;0.482;0.360;0.893;0.803;0.768;0.708;0.569;0.622;0.597;0.373;0.502;0.565;0.478;0.262
425;0.864;0.495;0.841;0.725;0.836;0.739;0.923;0.786;0.800;0.640;0.563;0.523;0.414;0.503;0.398;0.893;0.803;0.776;0.714;0.575;0.631;0.605;0.391;0.508;0.575;0.488;0.279
430;0.877;0.522;0.854;0.739;0.854;0.758;0.924;0.786;0.811;0.652;0.578;0.531;0.429;0.515;0.418;0.893;0.803;0.783;0.721;0.582;0.640;0.614;0.410;0.513;0.586;0.499;0.296
435;0.883;0.537;0.862;0.748;0.862;0.766;0.924;0.786;0.820;0.658;0.588;0.536;0.438;0.521;0.428;0.893;0.803;0.785;0.727;0.587;0.645;0.621;0.425;0.517;0.595;0.508;0.309
440;0.886;0.546;0.868;0.754;0.868;0.771;0.924;0.786;0.826;0.661;0.593;0.540;0.442;0.525;0.434;0.893;0.803;0.787;0.733;0.592;0.651;0.628;0.440;0.521;0.604;0.517;0.322
445;0.888;0.550;0.873;0.758;0.870;0.775;0.924;0.786;0.830;0.663;0.596;0.542;0.445;0.528;0.438;0.894;0.804;0.790;0.740;0.599;0.657;0.635;0.453;0.525;0.615;0.527;0.334
450;0.889;0.553;0.876;0.763;0.873;0.777;0.925;0.786;0.833;0.665;0.597;0.543;0.446;0.530;0.441;0.895;0.806;0.793;0.747;0.606;0.664;0.641;0.466;0.529;0.625;0.537;0.346
455;0.890;0.556;0.878;0.765;0.874;0.779;0.925;0.786;0.836;0.665;0.598;0.544;0.447;0.532;0.443;0.897;0.809;0.797;0.755;0.613;0.671;0.647;0.477;0.534;0.637;0.547;0.357
460;0.890;0.557;0.880;0.767;0.876;0.781;0.925;0.786;0.839;0.665;0.600;0.544;0.447;0.533;0.444;0.898;0.812;0.801;0.763;0.620;0.678;0.654;0.487;0.539;0.649;0.557;0.368
465;0.891;0.557;0.881;0.768;0.877;0.782;0.925;0.785;0.842;0.664;0.601;0.544;0.448;0.534;0.445;0.899;0.815;0.804;0.769;0.626;0.685;0.660;0.496;0.544;0.659;0.566;0.378
470;0.891;0.557;0.882;0.769;0.878;0.783;0.925;0.784;0.844;0.662;0.601;0.544;0.448;0.534;0.445;0.901;0.817;0.807;0.775;0.632;0.691;0.666;0.504;0.549;0.668;0.574;0.387
475;0.891;0.555;0.883;0.769;0.878;0.782;0.925;0.784;0.845;0.662;0.601;0.544;0.447;0.535;0.445;0.901;0.818;0.809;0.778;0.637;0.697;0.671;0.510;0.556;0.674;0.580;0.396
480;0.891;0.553;0.883;0.771;0.878;0.782;0.925;0.785;0.847;0.666;0.601;0.546;0.447;0.537;0.445;0.902;0.819;0.810;0.782;0.641;0.703;0.675;0.517;0.562;0.680;0.586;0.404
485;0.891;0.551;0.883;0.773;0.878;0.783;0.926;0.787;0.849;0.669;0.600;0.548;0.447;0.539;0.444;0.903;0.820;0.812;0.784;0.645;0.708;0.679;0.520;0.568;0.684;0.591;0.409
490;0.891;0.550;0.883;0.775;0.878;0.783;0.926;0.789;0.851;0.673;0.600;0.549;0.447;0.540;0.445;0.903;0.821;0.813;0.787;0.648;0.713;0.682;0.524;0.574;0.688;0.596;0.415
495;0.890;0.547;0.883;0.776;0.877;0.783;0.926;0.789;0.852;0.674;0.600;0.550;0.447;0.542;0.444;0.903;0.822;0.813;0.790;0.651;0.717;0.685;0.528;0.580;0.692;0.599;0.419
500;0.890;0.545;0.882;0.776;0.877;0.782;0.926;0.790;0.853;0.675;0.600;0.551;0.447;0.542;0.444;0.904;0.823;0.814;0.792;0.654;0.721;0.687;0.531;0.586;0.695;0.603;0.424
505;0.889;0.542;0.882;0.777;0.876;0.782;0.926;0.791;0.854;0.675;0.600;0.552;0.446;0.543;0.443;0.904;0.823;0.815;0.793;0.657;0.724;0.690;0.533;0.591;0.698;0.606;0.427
510;0.889;0.540;0.882;0.777;0.874;0.781;0.926;0.791;0.855;0.676;0.598;0.552;0.445;0.544;0.443;0.904;0.823;0.816;0.794;0.660;0.727;0.692;0.535;0.595;0.700;0.609;0.431
515;0.888;0.539;0.881;0.777;0.873;0.779;0.926;0.792;0.856;0.676;0.598;0.552;0.445;0.544;0.443;0.905;0.823;0.817;0.796;0.662;0.729;0.693;0.536;0.599;0.702;0.611;0.433
520;0.887;0.538;0.880;0.777;0.872;0.778;0.926;0.794;0.856;0.676;0.597;0.553;0.445;0.545;0.442;0.905;0.824;0.817;0.797;0.664;0.731;0.694;0.537;0.602;0.703;0.613;0.434
525;0.886;0.537;0.879;0.777;0.870;0.777;0.927;0.794;0.857;0.676;0.596;0.553;0.444;0.545;0.441;0.905;0.824;0.817;0.797;0.665;0.732;0.695;0.537;0.603;0.703;0.614;0.435
530;0.885;0.537;0.878;0.777;0.869;0.775;0.926;0.795;0.857;0.676;0.596;0.553;0.443;0.545;0.440;0.905;0.824;0.817;0.797;0.666;0.733;0.696;0.537;0.605;0.703;0.615;0.436
535;0.883;0.537;0.877;0.777;0.867;0.774;0.926;0.795;0.858;0.676;0.596;0.553;0.442;0.546;0.440;0.905;0.824;0.817;0.797;0.667;0.734;0.696;0.537;0.605;0.703;0.615;0.437
540;0.882;0.537;0.877;0.777;0.866;0.772;0.927;0.796;0.858;0.676;0.594;0.553;0.442;0.546;0.439;0.905;0.824;0.817;0.797;0.668;0.735;0.696;0.537;0.605;0.703;0.615;0.437
545;0.881;0.538;0.877;0.777;0.864;0.771;0.927;0.796;0.859;0.675;0.594;0.553;0.441;0.546;0.438;0.905;0.823;0.816;0.796;0.668;0.734;0.696;0.536;0.603;0.702;0.614;0.436
550;0.881;0.539;0.877;0.778;0.862;0.769;0.927;0.797;0.859;0.676;0.594;0.553;0.440;0.547;0.438;0.904;0.823;0.815;0.795;0.668;0.734;0.695;0.535;0.602;0.700;0.613;0.435
555;0.880;0.540;0.877;0.779;0.861;0.768;0.927;0.797;0.859;0.676;0.594;0.553;0.440;0.547;0.438;0.903;0.822;0.814;0.794;0.668;0.732;0.694;0.534;0.599;0.698;0.612;0.433
560;0.880;0.541;0.876;0.779;0.860;0.767;0.927;0.798;0.859;0.676;0.594;0.553;0.440;0.548;0.438;0.903;0.821;0.813;0.793;0.668;0.731;0.693;0.533;0.597;0.697;0.611;0.431
565;0.879;0.541;0.875;0.779;0.859;0.767;0.927;0.798;0.859;0.676;0.594;0.554;0.440;0.548;0.437;0.903;0.820;0.812;0.792;0.667;0.730;0.692;0.530;0.595;0.695;0.609;0.428
570;0.878;0.541;0.874;0.779;0.859;0.766;0.927;0.799;0.860;0.676;0.594;0.554;0.440;0.549;0.437;0.902;0.819;0.811;0.790;0.667;0.728;0.692;0.528;0.592;0.693;0.608;0.426
575;0.877;0.541;0.873;0.778;0.859;0.767;0.928;0.800;0.860;0.676;0.593;0.553;0.439;0.549;0.437;0.901;0.818;0.809;0.788;0.665;0.726;0.690;0.526;0.589;0.690;0.605;0.423
580;0.877;0.542;0.872;0.779;0.859;0.767;0.927;0.800;0.860;0.676;0.593;0.553;0.439;0.549;0.437;0.901;0.817;0.807;0.787;0.664;0.724;0.689;0.524;0.585;0.688;0.603;0.420
585;0.877;0.543;0.873;0.780;0.859;0.767;0.927;0.801;0.860;0.676;0.593;0.554;0.439;0.550;0.437;0.900;0.815;0.804;0.784;0.661;0.720;0.686;0.520;0.581;0.685;0.599;0.416
590;0.877;0.546;0.874;0.784;0.859;0.767;0.927;0.801;0.860;0.677;0.593;0.554;0.440;0.551;0.438;0.899;0.813;0.802;0.782;0.659;0.717;0.683;0.517;0.577;0.681;0.596;0.412
595;0.879;0.550;0.877;0.787;0.860;0.768;0.927;0.801;0.860;0.678;0.594;0.555;0.441;0.552;0.439;0.898;0.812;0.800;0.779;0.657;0.714;0.681;0.514;0.574;0.677;0.592;0.407
600;0.881;0.555;0.879;0.789;0.861;0.769;0.927;0.802;0.860;0.679;0.597;0.556;0.442;0.553;0.441;0.897;0.810;0.798;0.776;0.654;0.711;0.678;0.510;0.571;0.672;0.588;0.402
605;0.884;0.560;0.880;0.792;0.862;0.770;0.928;0.803;0.860;0.681;0.598;0.557;0.444;0.555;0.443;0.896;0.808;0.796;0.773;0.651;0.706;0.675;0.505;0.567;0.667;0.583;0.396
610;0.885;0.565;0.880;0.794;0.864;0.772;0.928;0.803;0.860;0.682;0.600;0.558;0.445;0.556;0.444;0.895;0.806;0.793;0.770;0.648;0.702;0.671;0.500;0.564;0.663;0.578;0.390
615;0.887;0.568;0.880;0.794;0.867;0.775;0.928;0.804;0.860;0.684;0.601;0.559;0.445;0.557;0.446;0.894;0.804;0.790;0.766;0.645;0.697;0.667;0.495;0.560;0.657;0.573;0.384
620;0.887;0.571;0.879;0.795;0.870;0.778;0.928;0.805;0.860;0.684;0.603;0.560;0.446;0.557;0.446;0.893;0.802;0.786;0.763;0.641;0.692;0.662;0.490;0.555;0.652;0.567;0.378
625;0.887;0.573;0.879;0.795;0.873;0.781;0.928;0.805;0.860;0.684;0.603;0.560;0.447;0.558;0.447;0.892;0.800;0.784;0.760;0.637;0.686;0.657;0.482;0.550;0.647;0.561;0.370
630;0.887;0.576;0.880;0.797;0.876;0.784;0.928;0.805;0.860;0.685;0.604;0.560;0.448;0.558;0.447;0.891;0.799;0.781;0.756;0.633;0.680;0.653;0.475;0.544;0.642;0.555;0.361
635;0.888;0.579;0.882;0.800;0.879;0.787;0.928;0.806;0.860;0.685;0.604;0.561;0.449;0.559;0.447;0.889;0.796;0.778;0.752;0.628;0.673;0.646;0.467;0.537;0.635;0.547;0.352
640;0.890;0.585;0.886;0.805;0.882;0.790;0.928;0.806;0.860;0.686;0.605;0.562;0.450;0.560;0.449;0.888;0.793;0.775;0.747;0.623;0.667;0.639;0.458;0.530;0.629;0.539;0.343
645;0.893;0.591;0.891;0.810;0.885;0.793;0.928;0.807;0.861;0.688;0.608;0.563;0.451;0.562;0.451;0.887;0.790;0.772;0.742;0.617;0.659;0.631;0.449;0.520;0.622;0.530;0.334
650;0.897;0.599;0.896;0.816;0.888;0.796;0.928;0.807;0.860;0.689;0.611;0.566;0.453;0.564;0.454;0.885;0.788;0.768;0.737;0.612;0.652;0.623;0.440;0.510;0.615;0.522;0.324
655;0.900;0.606;0.900;0.820;0.890;0.799;0.929;0.808;0.860;0.691;0.613;0.567;0.456;0.565;0.457;0.884;0.786;0.765;0.733;0.607;0.644;0.615;0.429;0.498;0.609;0.513;0.314
660;0.903;0.613;0.903;0.823;0.892;0.801;0.929;0.808;0.860;0.693;0.615;0.568;0.457;0.567;0.459;0.883;0.784;0.762;0.729;0.601;0.636;0.606;0.419;0.485;0.603;0.504;0.303
665;0.906;0.619;0.905;0.827;0.894;0.803;0.929;0.810;0.860;0.694;0.616;0.569;0.458;0.568;0.459;0.881;0.782;0.758;0.724;0.595;0.627;0.595;0.408;0.469;0.595;0.493;0.291
670;0.908;0.625;0.906;0.829;0.896;0.804;0.929;0.810;0.860;0.694;0.619;0.570;0.459;0.569;0.461;0.880;0.779;0.755;0.719;0.590;0.618;0.585;0.397;0.453;0.588;0.482;0.280
675;0.909;0.628;0.907;0.830;0.898;0.806;0.929;0.810;0.860;0.694;0.620;0.570;0.460;0.569;0.462;0.879;0.776;0.752;0.714;0.583;0.608;0.574;0.385;0.435;0.581;0.471;0.269
680;0.910;0.631;0.908;0.831;0.899;0.807;0.929;0.808;0.860;0.692;0.622;0.569;0.461;0.569;0.463;0.877;0.774;0.749;0.708;0.577;0.598;0.562;0.373;0.417;0.574;0.460;0.257
685;0.911;0.633;0.909;0.832;0.901;0.808;0.929;0.808;0.859;0.691;0.623;0.569;0.461;0.569;0.463;0.876;0.772;0.746;0.703;0.571;0.587;0.548;0.359;0.394;0.567;0.447;0.245
690;0.912;0.637;0.909;0.833;0.902;0.809;0.929;0.808;0.859;0.693;0.622;0.569;0.461;0.571;0.463;0.875;0.770;0.742;0.698;0.564;0.577;0.535;0.346;0.372;0.559;0.434;0.233
695;0.912;0.640;0.909;0.834;0.903;0.810;0.929;0.810;0.859;0.698;0.622;0.571;0.460;0.572;0.463;0.873;0.768;0.738;0.692;0.557;0.566;0.522;0.333;0.351;0.550;0.421;0.222
700;0.912;0.642;0.909;0.836;0.903;0.811;0.929;0.811;0.859;0.699;0.622;0.573;0.461;0.573;0.463;0.872;0.765;0.735;0.686;0.550;0.555;0.508;0.320;0.330;0.542;0.408;0.210
705;0.912;0.643;0.909;0.837;0.904;0.811;0.929;0.812;0.859;0.700;0.620;0.573;0.461;0.573;0.463;0.870;0.762;0.731;0.679;0.542;0.542;0.493;0.308;0.309;0.533;0.394;0.199
710;0.912;0.646;0.909;0.838;0.904;0.811;0.928;0.812;0.859;0.700;0.620;0.574;0.461;0.573;0.463;0.868;0.758;0.727;0.672;0.534;0.530;0.478;0.295;0.287;0.524;0.380;0.187
715;0.912;0.648;0.909;0.839;0.904;0.811;0.928;0.812;0.859;0.701;0.620;0.574;0.461;0.574;0.463;0.867;0.756;0.723;0.666;0.526;0.518;0.463;0.282;0.266;0.516;0.366;0.176
720;0.912;0.650;0.910;0.840;0.904;0.812;0.928;0.812;0.859;0.701;0.620;0.575;0.461;0.575;0.463;0.865;0.753;0.719;0.660;0.518;0.506;0.448;0.270;0.246;0.507;0.353;0.166
725;0.913;0.652;0.910;0.841;0.905;0.812;0.928;0.812;0.859;0.702;0.620;0.575;0.462;0.575;0.463;0.863;0.750;0.716;0.653;0.510;0.493;0.433;0.258;0.227;0.498;0.340;0.157
730;0.913;0.655;0.910;0.841;0.905;0.813;0.928;0.812;0.859;0.702;0.620;0.576;0.462;0.575;0.464;0.862;0.747;0.712;0.647;0.503;0.481;0.418;0.246;0.209;0.489;0.326;0.147
735;0.912;0.656;0.910;0.842;0.905;0.813;0.927;0.812;0.858;0.702;0.622;0.576;0.463;0.576;0.464;0.860;0.744;0.708;0.639;0.495;0.468;0.402;0.234;0.193;0.479;0.313;0.138
740;0.912;0.657;0.910;0.842;0.906;0.813;0.927;0.812;0.858;0.702;0.622;0.576;0.463;0.576;0.464;0.858;0.740;0.703;0.632;0.486;0.455;0.387;0.223;0.177;0.470;0.299;0.129
745;0.912;0.658;0.910;0.843;0.906;0.812;0.928;0.813;0.858;0.702;0.622;0.576;0.462;0.576;0.464;0.857;0.738;0.699;0.625;0.478;0.443;0.373;0.212;0.162;0.461;0.286;0.121
750;0.912;0.660;0.910;0.844;0.906;0.813;0.929;0.814;0.858;0.702;0.622;0.576;0.463;0.577;0.464;0.855;0.735;0.695;0.618;0.470;0.430;0.358;0.201;0.148;0.452;0.274;0.112
755;0.913;0.662;0.910;0.845;0.906;0.812;0.929;0.814;0.858;0.703;0.623;0.576;0.463;0.577;0.465;0.853;0.732;0.691;0.611;0.462;0.417;0.344;0.192;0.136;0.443;0.262;0.105
760;0.913;0.665;0.910;0.845;0.906;0.812;0.929;0.815;0.858;0.703;0.623;0.576;0.463;0.577;0.465;0.851;0.728;0.687;0.604;0.454;0.405;0.329;0.182;0.124;0.434;0.249;0.098
765;0.913;0.666;0.910;0.847;0.906;0.812;0.929;0.815;0.858;0.703;0.623;0.577;0.463;0.578;0.465;0.849;0.726;0.683;0.597;0.446;0.393;0.316;0.173;0.114;0.425;0.238;0.092
770;0.913;0.668;0.910;0.848;0.906;0.812;0.929;0.815;0.857;0.703;0.624;0.577;0.463;0.578;0.465;0.848;0.723;0.679;0.589;0.438;0.381;0.303;0.165;0.105;0.416;0.227;0.086
775;0.913;0.669;0.910;0.849;0.906;0.812;0.929;0.816;0.857;0.703;0.624;0.577;0.464;0.578;0.466;0.847;0.720;0.676;0.582;0.430;0.370;0.290;0.157;0.097;0.407;0.217;0.080
780;0.913;0.671;0.910;0.850;0.906;0.812;0.928;0.816;0.857;0.703;0.624;0.577;0.464;0.578;0.466;0.845;0.718;0.673;0.575;0.422;0.358;0.277;0.148;0.088;0.398;0.206;0.074
