lambda in nm;HB1 / WF1;HB2 / WF2;HB3 / WF3;HB4 / WF4;HB4 / WF4;HB5 / WF5;HB6 / WF6;HB7 / WF7;HB8 / WF8;HB9 / WF9;S1;S2;S3;S4;S5;WC1 / WF1;WC2 / WF2;WC3 / WF3;WC4 / WF4;WC5 / WF5;WC6 / WF6 ;WC7 / WF7;WC8 / WF8;WC9 / WF9;WC10 / WF10;WC11 / WF11;WC12 / WF12;L1;
380;0.118;0.081;0.092;0.071;0.069;0.056;0.067;0.056;0.060;0.039;0.112;0.063;0.342;0.395;0.344;0.137;0.137;0.141;0.136;0.139;0.141;0.138;0.136;0.139;0.147;0.136;0.170;0.112;
385;0.132;0.090;0.099;0.077;0.070;0.059;0.068;0.057;0.061;0.040;0.116;0.063;0.351;0.401;0.351;0.166;0.168;0.173;0.166;0.169;0.172;0.168;0.166;0.171;0.179;0.166;0.221;0.133;
390;0.154;0.106;0.109;0.087;0.075;0.064;0.072;0.059;0.063;0.042;0.120;0.063;0.360;0.407;0.357;0.211;0.222;0.224;0.215;0.217;0.223;0.218;0.212;0.224;0.232;0.212;0.298;0.167;
395;0.179;0.126;0.122;0.099;0.080;0.071;0.076;0.063;0.064;0.045;0.124;0.063;0.369;0.412;0.363;0.274;0.302;0.303;0.285;0.287;0.301;0.290;0.280;0.304;0.307;0.279;0.400;0.225;
400;0.206;0.150;0.134;0.113;0.087;0.081;0.081;0.068;0.066;0.048;0.126;0.063;0.377;0.418;0.369;0.346;0.408;0.406;0.373;0.373;0.401;0.380;0.360;0.411;0.403;0.363;0.513;0.313;
405;0.234;0.177;0.147;0.128;0.093;0.092;0.088;0.075;0.068;0.051;0.130;0.064;0.386;0.424;0.375;0.411;0.521;0.519;0.461;0.456;0.506;0.469;0.436;0.533;0.500;0.448;0.611;0.431;
410;0.262;0.205;0.159;0.142;0.100;0.104;0.096;0.084;0.069;0.053;0.133;0.064;0.395;0.429;0.380;0.451;0.616;0.615;0.524;0.514;0.591;0.538;0.490;0.643;0.576;0.511;0.673;0.558;
415;0.286;0.231;0.169;0.154;0.107;0.115;0.104;0.095;0.071;0.056;0.137;0.064;0.403;0.434;0.385;0.471;0.674;0.678;0.560;0.544;0.642;0.578;0.520;0.716;0.617;0.544;0.702;0.664;
420;0.308;0.253;0.178;0.165;0.114;0.125;0.112;0.107;0.072;0.058;0.141;0.065;0.411;0.439;0.388;0.477;0.699;0.707;0.574;0.554;0.663;0.597;0.534;0.752;0.633;0.557;0.713;0.730;
425;0.325;0.272;0.185;0.174;0.120;0.134;0.119;0.118;0.074;0.060;0.145;0.065;0.418;0.443;0.393;0.476;0.708;0.716;0.580;0.555;0.669;0.606;0.541;0.766;0.635;0.559;0.718;0.760;
430;0.340;0.288;0.191;0.181;0.127;0.142;0.124;0.127;0.076;0.063;0.151;0.065;0.425;0.447;0.399;0.476;0.711;0.720;0.583;0.556;0.671;0.615;0.548;0.771;0.633;0.560;0.721;0.775;
435;0.352;0.301;0.195;0.187;0.133;0.150;0.129;0.136;0.078;0.065;0.157;0.066;0.432;0.451;0.402;0.476;0.712;0.723;0.587;0.557;0.672;0.624;0.557;0.775;0.633;0.560;0.724;0.783;
440;0.362;0.311;0.200;0.192;0.139;0.157;0.132;0.142;0.080;0.068;0.165;0.066;0.438;0.455;0.408;0.477;0.714;0.725;0.593;0.559;0.674;0.634;0.568;0.779;0.633;0.561;0.728;0.790;
445;0.370;0.320;0.203;0.196;0.145;0.163;0.135;0.147;0.082;0.070;0.173;0.067;0.443;0.459;0.411;0.477;0.715;0.728;0.597;0.560;0.675;0.643;0.577;0.781;0.634;0.561;0.730;0.795;
450;0.378;0.328;0.207;0.200;0.151;0.170;0.137;0.152;0.084;0.072;0.181;0.067;0.449;0.463;0.416;0.480;0.717;0.731;0.600;0.563;0.677;0.650;0.584;0.784;0.635;0.561;0.730;0.798;
455;0.385;0.336;0.210;0.204;0.157;0.177;0.139;0.156;0.085;0.074;0.189;0.068;0.454;0.465;0.419;0.483;0.721;0.735;0.602;0.566;0.679;0.654;0.587;0.786;0.636;0.561;0.731;0.800;
460;0.391;0.343;0.214;0.208;0.163;0.183;0.141;0.160;0.087;0.075;0.193;0.068;0.458;0.468;0.423;0.490;0.727;0.740;0.605;0.571;0.681;0.656;0.590;0.789;0.640;0.560;0.731;0.801;
465;0.396;0.349;0.217;0.212;0.168;0.189;0.143;0.164;0.088;0.077;0.195;0.068;0.462;0.470;0.425;0.499;0.735;0.745;0.606;0.575;0.684;0.656;0.592;0.792;0.645;0.559;0.732;0.802;
470;0.401;0.355;0.220;0.216;0.174;0.195;0.145;0.167;0.090;0.079;0.196;0.068;0.466;0.472;0.428;0.513;0.745;0.753;0.608;0.582;0.687;0.658;0.594;0.796;0.652;0.558;0.732;0.803;
475;0.407;0.361;0.224;0.220;0.180;0.202;0.147;0.171;0.091;0.080;0.199;0.069;0.470;0.475;0.431;0.530;0.759;0.762;0.611;0.591;0.692;0.660;0.598;0.802;0.660;0.559;0.733;0.803;
480;0.414;0.369;0.229;0.226;0.188;0.210;0.150;0.176;0.094;0.083;0.203;0.069;0.475;0.478;0.436;0.548;0.772;0.772;0.613;0.600;0.696;0.662;0.600;0.806;0.665;0.560;0.733;0.804;
485;0.422;0.378;0.235;0.233;0.195;0.218;0.153;0.182;0.096;0.086;0.209;0.069;0.480;0.481;0.438;0.562;0.781;0.781;0.616;0.611;0.698;0.664;0.603;0.810;0.670;0.561;0.733;0.804;
490;0.429;0.387;0.241;0.241;0.202;0.227;0.157;0.188;0.098;0.088;0.216;0.070;0.482;0.483;0.441;0.572;0.788;0.789;0.620;0.622;0.701;0.668;0.607;0.813;0.674;0.563;0.733;0.805;
495;0.437;0.396;0.248;0.250;0.209;0.234;0.161;0.194;0.100;0.091;0.225;0.071;0.486;0.484;0.443;0.582;0.793;0.794;0.622;0.635;0.704;0.673;0.613;0.814;0.677;0.567;0.734;0.806;
500;0.444;0.404;0.256;0.259;0.215;0.242;0.166;0.201;0.101;0.093;0.237;0.072;0.490;0.487;0.445;0.595;0.796;0.798;0.626;0.651;0.708;0.679;0.620;0.813;0.683;0.570;0.737;0.808;
505;0.452;0.414;0.264;0.270;0.222;0.249;0.171;0.209;0.103;0.095;0.249;0.073;0.494;0.489;0.447;0.613;0.801;0.802;0.631;0.668;0.714;0.685;0.628;0.813;0.690;0.576;0.740;0.810;
510;0.461;0.424;0.273;0.280;0.229;0.257;0.176;0.217;0.105;0.098;0.264;0.074;0.499;0.491;0.450;0.638;0.808;0.805;0.634;0.687;0.722;0.693;0.638;0.814;0.698;0.581;0.742;0.812;
515;0.471;0.434;0.281;0.291;0.236;0.264;0.181;0.225;0.106;0.100;0.278;0.075;0.501;0.493;0.453;0.664;0.813;0.806;0.636;0.704;0.729;0.700;0.649;0.814;0.703;0.587;0.743;0.815;
520;0.481;0.444;0.290;0.302;0.243;0.273;0.187;0.234;0.108;0.103;0.294;0.076;0.505;0.495;0.455;0.687;0.815;0.806;0.636;0.714;0.735;0.708;0.659;0.815;0.707;0.593;0.742;0.817;
525;0.491;0.455;0.300;0.313;0.251;0.282;0.193;0.243;0.110;0.106;0.310;0.078;0.508;0.497;0.457;0.701;0.816;0.805;0.635;0.721;0.739;0.714;0.670;0.815;0.707;0.596;0.740;0.819;
530;0.502;0.466;0.310;0.324;0.259;0.291;0.200;0.253;0.112;0.109;0.326;0.080;0.512;0.499;0.459;0.710;0.817;0.803;0.636;0.724;0.742;0.721;0.679;0.816;0.707;0.597;0.739;0.820;
535;0.513;0.478;0.320;0.336;0.267;0.301;0.207;0.263;0.114;0.112;0.341;0.082;0.515;0.500;0.461;0.715;0.818;0.803;0.637;0.726;0.745;0.727;0.688;0.816;0.706;0.597;0.740;0.821;
540;0.523;0.489;0.331;0.348;0.275;0.310;0.216;0.274;0.117;0.115;0.357;0.084;0.518;0.502;0.463;0.721;0.821;0.806;0.640;0.730;0.751;0.734;0.695;0.818;0.708;0.598;0.744;0.822;
545;0.533;0.501;0.343;0.360;0.283;0.320;0.225;0.285;0.119;0.119;0.370;0.088;0.520;0.504;0.465;0.730;0.826;0.810;0.644;0.736;0.760;0.743;0.702;0.820;0.712;0.600;0.755;0.823;
550;0.543;0.513;0.355;0.373;0.292;0.331;0.236;0.297;0.123;0.123;0.385;0.092;0.523;0.505;0.466;0.746;0.833;0.815;0.649;0.746;0.776;0.752;0.710;0.825;0.722;0.606;0.773;0.824;
555;0.553;0.526;0.369;0.387;0.301;0.343;0.248;0.310;0.126;0.128;0.398;0.098;0.525;0.506;0.467;0.769;0.841;0.819;0.653;0.759;0.798;0.762;0.722;0.831;0.736;0.618;0.794;0.824;
560;0.562;0.538;0.381;0.399;0.308;0.353;0.259;0.322;0.129;0.132;0.410;0.105;0.527;0.507;0.468;0.792;0.848;0.820;0.656;0.774;0.818;0.770;0.737;0.840;0.753;0.635;0.816;0.824;
565;0.570;0.549;0.392;0.411;0.316;0.363;0.270;0.334;0.132;0.137;0.421;0.113;0.529;0.507;0.469;0.812;0.853;0.822;0.659;0.789;0.836;0.779;0.753;0.849;0.770;0.658;0.836;0.823;
570;0.577;0.560;0.403;0.423;0.324;0.373;0.281;0.345;0.135;0.141;0.430;0.122;0.530;0.507;0.469;0.831;0.857;0.826;0.663;0.805;0.852;0.791;0.768;0.859;0.787;0.683;0.852;0.824;
575;0.585;0.571;0.414;0.435;0.332;0.384;0.293;0.357;0.139;0.146;0.439;0.131;0.532;0.508;0.470;0.848;0.863;0.831;0.669;0.821;0.866;0.805;0.783;0.868;0.804;0.709;0.862;0.824;
580;0.594;0.582;0.425;0.447;0.340;0.394;0.304;0.369;0.142;0.151;0.447;0.141;0.533;0.508;0.471;0.860;0.870;0.838;0.676;0.838;0.875;0.818;0.797;0.876;0.819;0.729;0.869;0.824;
585;0.602;0.593;0.437;0.460;0.348;0.404;0.316;0.381;0.146;0.156;0.455;0.150;0.533;0.507;0.470;0.868;0.876;0.844;0.681;0.851;0.880;0.830;0.809;0.880;0.832;0.746;0.872;0.822;
590;0.613;0.604;0.449;0.473;0.356;0.414;0.329;0.393;0.150;0.161;0.461;0.158;0.534;0.507;0.470;0.874;0.881;0.851;0.686;0.861;0.885;0.841;0.821;0.884;0.845;0.760;0.873;0.822;
595;0.624;0.617;0.463;0.489;0.365;0.424;0.343;0.407;0.154;0.166;0.468;0.166;0.534;0.506;0.470;0.879;0.885;0.856;0.688;0.868;0.888;0.850;0.830;0.886;0.856;0.771;0.873;0.821;
600;0.637;0.629;0.478;0.505;0.374;0.434;0.357;0.421;0.158;0.172;0.474;0.173;0.535;0.506;0.469;0.882;0.888;0.860;0.688;0.873;0.890;0.855;0.840;0.887;0.863;0.778;0.872;0.821;
605;0.651;0.643;0.494;0.522;0.383;0.445;0.371;0.436;0.162;0.177;0.480;0.178;0.536;0.506;0.469;0.884;0.889;0.861;0.686;0.874;0.891;0.858;0.847;0.887;0.868;0.782;0.870;0.820;
610;0.665;0.656;0.510;0.540;0.393;0.455;0.386;0.452;0.166;0.183;0.484;0.182;0.536;0.505;0.468;0.884;0.890;0.862;0.682;0.874;0.891;0.860;0.853;0.886;0.870;0.783;0.868;0.820;
615;0.680;0.669;0.527;0.558;0.403;0.466;0.402;0.467;0.171;0.189;0.489;0.186;0.536;0.504;0.468;0.885;0.890;0.862;0.678;0.874;0.890;0.861;0.857;0.885;0.870;0.784;0.867;0.819;
620;0.693;0.681;0.544;0.575;0.413;0.477;0.417;0.483;0.175;0.194;0.493;0.188;0.537;0.504;0.468;0.885;0.890;0.861;0.673;0.874;0.890;0.862;0.859;0.884;0.869;0.784;0.865;0.819;
625;0.706;0.693;0.560;0.592;0.423;0.488;0.431;0.498;0.180;0.200;0.497;0.191;0.537;0.504;0.468;0.886;0.890;0.861;0.670;0.873;0.890;0.862;0.859;0.884;0.868;0.784;0.865;0.818;
630;0.718;0.705;0.576;0.608;0.434;0.498;0.446;0.513;0.185;0.206;0.502;0.193;0.537;0.503;0.467;0.886;0.891;0.862;0.669;0.873;0.891;0.863;0.859;0.884;0.869;0.785;0.865;0.817;
635;0.730;0.715;0.591;0.624;0.445;0.509;0.461;0.527;0.190;0.212;0.505;0.195;0.537;0.503;0.467;0.887;0.891;0.864;0.670;0.872;0.891;0.864;0.860;0.884;0.872;0.786;0.865;0.817;
640;0.742;0.727;0.606;0.639;0.457;0.520;0.475;0.541;0.195;0.219;0.509;0.197;0.537;0.502;0.467;0.888;0.893;0.867;0.674;0.873;0.893;0.866;0.862;0.886;0.878;0.789;0.866;0.817;
645;0.752;0.736;0.620;0.653;0.468;0.531;0.489;0.554;0.201;0.225;0.513;0.199;0.538;0.502;0.466;0.889;0.894;0.871;0.677;0.873;0.893;0.868;0.863;0.887;0.882;0.791;0.866;0.816;
650;0.762;0.746;0.633;0.666;0.480;0.541;0.503;0.567;0.206;0.231;0.517;0.201;0.538;0.502;0.466;0.890;0.895;0.874;0.682;0.873;0.894;0.869;0.864;0.888;0.886;0.794;0.866;0.816;
655;0.771;0.755;0.646;0.679;0.491;0.552;0.517;0.580;0.212;0.238;0.520;0.203;0.538;0.502;0.466;0.890;0.896;0.877;0.686;0.874;0.894;0.870;0.865;0.888;0.890;0.796;0.866;0.816;
660;0.780;0.764;0.659;0.692;0.502;0.562;0.530;0.592;0.218;0.244;0.524;0.205;0.537;0.502;0.466;0.891;0.896;0.879;0.690;0.874;0.895;0.871;0.866;0.889;0.893;0.797;0.866;0.815;
665;0.789;0.772;0.671;0.704;0.514;0.572;0.543;0.604;0.224;0.251;0.528;0.207;0.537;0.501;0.466;0.890;0.895;0.881;0.694;0.874;0.894;0.872;0.866;0.888;0.895;0.798;0.867;0.815;
670;0.797;0.780;0.682;0.715;0.525;0.582;0.555;0.615;0.230;0.257;0.532;0.210;0.537;0.501;0.466;0.890;0.895;0.881;0.698;0.873;0.894;0.873;0.866;0.888;0.897;0.799;0.866;0.815;
675;0.803;0.787;0.692;0.725;0.535;0.590;0.566;0.625;0.235;0.263;0.535;0.212;0.537;0.501;0.466;0.888;0.893;0.880;0.700;0.873;0.892;0.872;0.865;0.887;0.896;0.798;0.865;0.814;
680;0.810;0.794;0.702;0.735;0.544;0.599;0.576;0.635;0.240;0.268;0.538;0.214;0.536;0.501;0.466;0.886;0.892;0.881;0.704;0.873;0.890;0.872;0.865;0.886;0.897;0.799;0.867;0.814;
685;0.817;0.801;0.713;0.746;0.556;0.608;0.588;0.646;0.247;0.275;0.542;0.217;0.536;0.501;0.466;0.888;0.892;0.883;0.709;0.875;0.891;0.874;0.867;0.888;0.899;0.800;0.868;0.814;
690;0.827;0.811;0.727;0.760;0.570;0.620;0.604;0.660;0.256;0.284;0.546;0.221;0.536;0.501;0.466;0.888;0.894;0.885;0.714;0.877;0.892;0.876;0.869;0.890;0.902;0.802;0.870;0.815;
695;0.835;0.819;0.739;0.771;0.583;0.632;0.617;0.670;0.265;0.292;0.548;0.224;0.535;0.500;0.465;0.889;0.892;0.886;0.718;0.878;0.891;0.878;0.871;0.890;0.904;0.802;0.870;0.814;
700;0.841;0.826;0.749;0.781;0.594;0.641;0.628;0.681;0.272;0.299;0.552;0.227;0.537;0.501;0.467;0.890;0.893;0.886;0.721;0.878;0.892;0.878;0.871;0.890;0.904;0.802;0.870;0.814;
705;0.846;0.831;0.757;0.789;0.603;0.649;0.638;0.690;0.279;0.306;0.555;0.230;0.537;0.501;0.467;0.888;0.891;0.883;0.721;0.878;0.890;0.877;0.871;0.888;0.902;0.801;0.869;0.813;
710;0.852;0.838;0.766;0.798;0.614;0.657;0.649;0.699;0.287;0.313;0.558;0.233;0.536;0.501;0.467;0.888;0.890;0.883;0.722;0.878;0.889;0.877;0.871;0.888;0.903;0.801;0.869;0.813;
715;0.858;0.844;0.775;0.807;0.624;0.666;0.660;0.709;0.294;0.320;0.561;0.236;0.536;0.501;0.467;0.888;0.890;0.884;0.722;0.878;0.889;0.879;0.872;0.888;0.903;0.802;0.869;0.812;
720;0.864;0.850;0.784;0.816;0.634;0.674;0.670;0.718;0.301;0.327;0.563;0.239;0.536;0.500;0.467;0.888;0.890;0.884;0.722;0.878;0.889;0.880;0.872;0.887;0.903;0.802;0.869;0.813;
725;0.869;0.856;0.793;0.824;0.644;0.681;0.680;0.727;0.309;0.334;0.566;0.242;0.536;0.500;0.467;0.888;0.891;0.885;0.721;0.878;0.890;0.880;0.873;0.888;0.904;0.803;0.869;0.813;
730;0.874;0.861;0.801;0.832;0.654;0.689;0.689;0.735;0.316;0.341;0.568;0.245;0.536;0.500;0.467;0.888;0.891;0.886;0.721;0.878;0.890;0.882;0.874;0.888;0.904;0.803;0.870;0.813;
735;0.879;0.867;0.809;0.840;0.664;0.696;0.699;0.744;0.324;0.348;0.569;0.248;0.535;0.500;0.467;0.889;0.891;0.887;0.722;0.879;0.891;0.883;0.875;0.889;0.904;0.804;0.871;0.813;
740;0.883;0.872;0.817;0.848;0.673;0.703;0.708;0.752;0.331;0.355;0.571;0.251;0.535;0.499;0.467;0.890;0.892;0.888;0.725;0.880;0.892;0.884;0.876;0.890;0.904;0.805;0.872;0.813;
745;0.888;0.877;0.824;0.855;0.682;0.709;0.717;0.760;0.338;0.362;0.572;0.253;0.534;0.499;0.466;0.890;0.893;0.889;0.728;0.881;0.892;0.885;0.877;0.891;0.904;0.805;0.874;0.813;
750;0.892;0.882;0.832;0.862;0.690;0.716;0.726;0.768;0.346;0.369;0.573;0.256;0.534;0.499;0.466;0.891;0.894;0.890;0.732;0.883;0.892;0.886;0.878;0.892;0.904;0.806;0.875;0.813;
755;0.896;0.886;0.839;0.869;0.699;0.722;0.735;0.776;0.353;0.376;0.574;0.258;0.534;0.498;0.466;0.891;0.894;0.891;0.736;0.884;0.893;0.887;0.879;0.893;0.904;0.806;0.876;0.813;
760;0.901;0.892;0.847;0.877;0.709;0.730;0.745;0.784;0.361;0.383;0.575;0.260;0.534;0.498;0.466;0.892;0.896;0.892;0.740;0.886;0.894;0.888;0.879;0.894;0.905;0.807;0.878;0.814;
765;0.904;0.896;0.853;0.883;0.716;0.735;0.753;0.791;0.369;0.389;0.576;0.261;0.534;0.498;0.466;0.891;0.895;0.891;0.741;0.886;0.893;0.887;0.879;0.894;0.904;0.806;0.877;0.813;
770;0.908;0.900;0.860;0.889;0.724;0.741;0.761;0.799;0.376;0.396;0.576;0.262;0.533;0.497;0.466;0.891;0.895;0.891;0.742;0.886;0.893;0.887;0.879;0.894;0.903;0.805;0.877;0.813;
775;0.912;0.905;0.867;0.895;0.732;0.747;0.770;0.806;0.384;0.403;0.576;0.263;0.533;0.497;0.465;0.891;0.895;0.891;0.742;0.886;0.892;0.887;0.878;0.893;0.903;0.805;0.877;0.813;
780;0.915;0.909;0.872;0.900;0.739;0.751;0.777;0.812;0.389;0.408;0.576;0.264;0.533;0.496;0.465;0.890;0.895;0.891;0.742;0.886;0.892;0.886;0.878;0.893;0.902;0.805;0.876;0.813;
